29.03.2024 19:42;367;12
29.03.2024 19:42;367;12
29.03.2024 19:43;375;11
29.03.2024 19:45;381;12
29.03.2024 19:46;387;11
29.03.2024 19:47;393;12
29.03.2024 19:47;393;12
29.03.2024 19:48;399;12
29.03.2024 19:50;405;12
29.03.2024 19:51;412;12
29.03.2024 19:52;418;12
29.03.2024 19:52;418;13
29.03.2024 19:53;424;13
29.03.2024 19:55;430;11
29.03.2024 19:56;437;13
29.03.2024 19:57;443;13
29.03.2024 19:57;443;14
29.03.2024 19:58;449;11
29.03.2024 20:00;456;13
29.03.2024 20:01;462;11
29.03.2024 20:02;468;11
29.03.2024 20:03;475;14
29.03.2024 20:03;475;13
29.03.2024 20:05;481;22
29.03.2024 20:06;487;22
29.03.2024 20:07;494;20
29.03.2024 20:08;497;22
29.03.2024 20:08;497;23
29.03.2024 20:09;491;20
29.03.2024 20:11;482;20
29.03.2024 20:12;479;20
29.03.2024 20:13;472;22
29.03.2024 20:13;472;19
29.03.2024 20:14;466;20
29.03.2024 20:16;459;22
29.03.2024 20:17;453;22
29.03.2024 20:18;447;19
29.03.2024 20:19;440;21
29.03.2024 20:19;440;22
29.03.2024 20:21;434;19
29.03.2024 20:22;428;19
29.03.2024 20:23;421;20
29.03.2024 20:24;415;19
29.03.2024 20:24;415;22
29.03.2024 20:25;409;19
29.03.2024 20:27;402;19
29.03.2024 20:28;397;20
29.03.2024 20:29;390;20
29.03.2024 20:29;390;22
29.03.2024 20:30;384;22
29.03.2024 20:32;378;22
29.03.2024 20:33;371;20
29.03.2024 20:34;364;20
29.03.2024 20:34;364;19
29.03.2024 20:35;358;19
29.03.2024 20:37;352;18
29.03.2024 20:38;346;19
29.03.2024 20:39;339;19
29.03.2024 20:39;339;21
29.03.2024 20:40;333;21
29.03.2024 20:42;327;21
29.03.2024 20:43;321;23
29.03.2024 20:44;314;21
29.03.2024 20:45;308;20
29.03.2024 20:45;308;20
29.03.2024 20:47;301;21
29.03.2024 20:48;295;21
29.03.2024 20:49;288;21
29.03.2024 20:50;283;21
29.03.2024 20:50;283;19
29.03.2024 20:52;275;18
29.03.2024 20:53;270;19
29.03.2024 20:54;263;18
29.03.2024 20:55;257;18
29.03.2024 20:55;257;18
29.03.2024 20:56;251;18
29.03.2024 20:58;244;20
29.03.2024 20:59;238;18
29.03.2024 21:00;231;18
29.03.2024 21:00;231;19
29.03.2024 21:01;225;18
29.03.2024 21:03;218;19
29.03.2024 21:04;213;20
29.03.2024 21:05;206;18
29.03.2024 21:05;206;18
29.03.2024 21:06;200;18
29.03.2024 21:08;193;18
29.03.2024 21:09;187;21
29.03.2024 21:10;181;17
29.03.2024 21:11;175;17
29.03.2024 21:11;175;17
29.03.2024 21:13;168;21
29.03.2024 21:14;161;19
29.03.2024 21:15;156;17
29.03.2024 21:16;149;17
29.03.2024 21:16;149;19
29.03.2024 21:18;143;16
29.03.2024 21:19;136;19
29.03.2024 21:20;130;17
29.03.2024 21:21;124;17
29.03.2024 21:21;124;17
29.03.2024 21:23;116;17
29.03.2024 21:24;111;16
29.03.2024 21:25;105;17
29.03.2024 21:26;99;16
29.03.2024 21:27;92;16
29.03.2024 21:27;92;17
29.03.2024 21:29;87;18
29.03.2024 21:30;80;17
29.03.2024 21:31;73;18
29.03.2024 21:32;67;18
29.03.2024 21:32;67;17
29.03.2024 21:34;60;17
29.03.2024 21:35;55;15
29.03.2024 21:36;48;16
29.03.2024 21:37;41;16
29.03.2024 21:37;41;15
29.03.2024 21:38;35;17
29.03.2024 21:40;28;0
29.03.2024 21:41;23;0
29.03.2024 21:42;16;0
29.03.2024 21:42;16;0
29.03.2024 21:43;10;0
29.03.2024 21:45;3;0
29.03.2024 21:46;0;0
29.03.2024 21:46;0;0
29.03.2024 21:47;0;0
29.03.2024 21:48;0;0
29.03.2024 21:50;0;0
29.03.2024 21:51;0;0
29.03.2024 21:52;0;0
29.03.2024 21:53;0;0
29.03.2024 21:55;0;0
29.03.2024 21:56;0;0
29.03.2024 21:57;0;0
29.03.2024 21:58;0;0
29.03.2024 22:00;0;0
29.03.2024 22:01;0;0
29.03.2024 22:02;0;0
29.03.2024 22:03;0;0
29.03.2024 22:04;0;0
29.03.2024 22:06;0;0
29.03.2024 22:07;0;0
29.03.2024 22:08;0;0
29.03.2024 22:09;0;0
29.03.2024 22:11;0;0
29.03.2024 22:12;0;0
29.03.2024 22:13;0;0
29.03.2024 22:14;0;0
29.03.2024 22:16;0;0
29.03.2024 22:17;0;0
29.03.2024 22:18;0;0
29.03.2024 22:19;0;0
29.03.2024 22:19;0;11
29.03.2024 22:21;0;10
29.03.2024 22:22;0;16
29.03.2024 22:23;0;10
29.03.2024 22:24;0;12
29.03.2024 22:26;0;10
29.03.2024 22:27;2;11
29.03.2024 22:28;8;10
29.03.2024 22:29;3;11
29.03.2024 22:31;3;10
29.03.2024 22:32;9;11
29.03.2024 22:33;16;11
29.03.2024 22:34;21;11
29.03.2024 22:35;28;10
29.03.2024 22:37;34;11
29.03.2024 22:38;41;11
29.03.2024 22:39;47;11
29.03.2024 22:40;54;11
29.03.2024 22:42;59;10
29.03.2024 22:43;66;11
29.03.2024 22:44;72;11
29.03.2024 22:45;79;11
29.03.2024 22:47;85;11
29.03.2024 22:48;91;11
29.03.2024 22:49;98;10
29.03.2024 22:50;103;11
29.03.2024 22:52;110;13
29.03.2024 22:53;117;10
29.03.2024 22:54;122;11
29.03.2024 22:55;129;12
29.03.2024 22:57;136;11
29.03.2024 22:58;141;11
29.03.2024 22:59;148;10
29.03.2024 23:00;155;11
29.03.2024 23:01;160;11
29.03.2024 23:03;167;11
29.03.2024 23:04;173;12
29.03.2024 23:05;180;12
29.03.2024 23:06;186;12
29.03.2024 23:08;192;13
29.03.2024 23:09;199;12
29.03.2024 23:10;205;10
29.03.2024 23:11;211;12
29.03.2024 23:11;211;11
29.03.2024 23:13;217;10
29.03.2024 23:14;224;12
29.03.2024 23:15;230;12
29.03.2024 23:16;237;12
29.03.2024 23:18;243;12
29.03.2024 23:19;248;12
29.03.2024 23:20;255;10
29.03.2024 23:21;261;12
29.03.2024 23:23;268;11
29.03.2024 23:24;274;11
29.03.2024 23:25;281;10
29.03.2024 23:26;287;10
29.03.2024 23:27;293;12
29.03.2024 23:29;300;12
29.03.2024 23:30;306;11
29.03.2024 23:31;312;12
29.03.2024 23:32;318;12
29.03.2024 23:32;318;12
29.03.2024 23:34;325;12
29.03.2024 23:35;331;11
29.03.2024 23:36;337;12
29.03.2024 23:37;344;11
29.03.2024 23:37;344;11
29.03.2024 23:39;350;13
29.03.2024 23:40;356;14
29.03.2024 23:41;362;12
29.03.2024 23:42;368;11
29.03.2024 23:44;376;11
29.03.2024 23:45;382;13
29.03.2024 23:46;388;13
29.03.2024 23:47;394;12
29.03.2024 23:49;400;13
29.03.2024 23:50;407;13
29.03.2024 23:51;413;12
29.03.2024 23:52;419;12
29.03.2024 23:54;425;11
29.03.2024 23:55;432;13
29.03.2024 23:56;438;12
29.03.2024 23:57;444;13
29.03.2024 23:58;450;13
29.03.2024 23:58;450;13
30.03.2024 0:00;457;10
30.03.2024 0:01;463;13
30.03.2024 0:02;469;20
30.03.2024 0:03;476;20
30.03.2024 0:03;476;22
30.03.2024 0:05;482;19
30.03.2024 0:06;489;20
30.03.2024 0:07;495;22
30.03.2024 0:08;496;20
30.03.2024 0:08;496;21
30.03.2024 0:10;490;19
30.03.2024 0:11;483;19
30.03.2024 0:12;477;23
30.03.2024 0:13;470;19
30.03.2024 0:15;464;19
30.03.2024 0:16;458;22
30.03.2024 0:17;451;19
30.03.2024 0:18;445;18
30.03.2024 0:20;439;18
30.03.2024 0:21;432;20
30.03.2024 0:22;426;21
30.03.2024 0:23;420;21
30.03.2024 0:25;413;19
30.03.2024 0:26;407;19
30.03.2024 0:27;401;19
30.03.2024 0:28;395;20
30.03.2024 0:29;388;20
30.03.2024 0:29;388;21
30.03.2024 0:31;382;21
30.03.2024 0:32;376;19
30.03.2024 0:33;369;19
30.03.2024 0:34;363;20
30.03.2024 0:34;363;19
30.03.2024 0:36;356;17
30.03.2024 0:37;350;17
30.03.2024 0:38;344;19
30.03.2024 0:39;337;17
30.03.2024 0:41;331;17
30.03.2024 0:42;325;18
30.03.2024 0:43;318;18
30.03.2024 0:44;312;19
30.03.2024 0:46;306;19
30.03.2024 0:47;300;16
30.03.2024 0:48;293;16
30.03.2024 0:49;287;17
30.03.2024 0:50;281;17
30.03.2024 0:51;281;18
30.03.2024 0:52;274;19
30.03.2024 0:53;268;19
30.03.2024 0:54;261;17
30.03.2024 0:55;255;18
30.03.2024 0:55;255;17
30.03.2024 0:57;248;17
30.03.2024 0:58;242;19
30.03.2024 0:59;236;19
30.03.2024 1:00;230;17
30.03.2024 1:00;230;17
30.03.2024 1:02;224;18
30.03.2024 1:03;217;18
30.03.2024 1:04;211;17
30.03.2024 1:05;204;18
30.03.2024 1:07;198;17
30.03.2024 1:08;192;17
30.03.2024 1:09;186;19
30.03.2024 1:10;179;18
30.03.2024 1:12;172;18
30.03.2024 1:13;166;18
30.03.2024 1:14;160;15
30.03.2024 1:15;154;16
30.03.2024 1:16;147;17
30.03.2024 1:17;147;17
30.03.2024 1:18;141;16
30.03.2024 1:19;135;15
30.03.2024 1:20;128;16
30.03.2024 1:21;121;18
30.03.2024 1:21;121;18
30.03.2024 1:23;116;17
30.03.2024 1:24;109;15
30.03.2024 1:25;103;16
30.03.2024 1:26;97;17
30.03.2024 1:26;97;17
30.03.2024 1:28;90;15
30.03.2024 1:29;84;18
30.03.2024 1:30;77;16
30.03.2024 1:31;71;17
30.03.2024 1:31;71;17
30.03.2024 1:33;65;15
30.03.2024 1:34;58;16
30.03.2024 1:35;52;0
30.03.2024 1:36;46;0
30.03.2024 1:38;40;0
30.03.2024 1:39;33;0
30.03.2024 1:40;27;0
30.03.2024 1:41;20;0
30.03.2024 1:43;13;0
30.03.2024 1:43;13;0
30.03.2024 1:44;8;0
30.03.2024 1:45;1;0
30.03.2024 1:46;0;0
30.03.2024 1:48;0;0
30.03.2024 1:49;0;0
30.03.2024 1:50;0;0
30.03.2024 1:51;0;0
30.03.2024 1:52;0;0
30.03.2024 1:54;0;0
30.03.2024 1:55;0;0
30.03.2024 1:56;0;0
30.03.2024 1:57;0;0
30.03.2024 1:59;0;0
30.03.2024 2:00;0;0
30.03.2024 2:01;0;0
30.03.2024 2:02;0;0
30.03.2024 2:04;0;0
30.03.2024 2:05;0;0
30.03.2024 2:06;0;0
30.03.2024 2:07;0;0
30.03.2024 2:09;0;0
30.03.2024 2:10;0;0
30.03.2024 2:11;0;0
30.03.2024 2:12;0;0
30.03.2024 2:14;0;0
30.03.2024 2:15;0;10
30.03.2024 2:16;0;15
30.03.2024 2:17;0;15
30.03.2024 2:18;0;15
30.03.2024 2:20;0;11
30.03.2024 2:21;0;11
30.03.2024 2:22;0;11
30.03.2024 2:23;0;11
30.03.2024 2:25;0;11
30.03.2024 2:26;0;13
30.03.2024 2:27;3;11
30.03.2024 2:28;8;11
30.03.2024 2:28;8;11
30.03.2024 2:30;1;12
30.03.2024 2:31;4;11
30.03.2024 2:32;10;11
30.03.2024 2:33;17;13
30.03.2024 2:35;23;11
30.03.2024 2:35;23;10
30.03.2024 2:36;30;13
30.03.2024 2:37;35;13
30.03.2024 2:38;42;11
30.03.2024 2:40;48;12
30.03.2024 2:40;48;11
30.03.2024 2:41;55;10
30.03.2024 2:42;60;10
30.03.2024 2:43;67;12
30.03.2024 2:44;73;11
30.03.2024 2:45;73;11
30.03.2024 2:46;80;12
30.03.2024 2:47;87;12
30.03.2024 2:48;92;12
30.03.2024 2:49;99;12
30.03.2024 2:49;99;12
30.03.2024 2:51;105;11
30.03.2024 2:52;111;11
30.03.2024 2:53;118;13
30.03.2024 2:54;124;12
30.03.2024 2:54;124;11
30.03.2024 2:56;130;11
30.03.2024 2:57;137;12
30.03.2024 2:58;143;11
30.03.2024 2:59;149;11
30.03.2024 3:01;156;12
30.03.2024 3:01;156;12
30.03.2024 3:02;161;11
30.03.2024 3:03;168;10
30.03.2024 3:04;175;12
30.03.2024 3:06;181;12
30.03.2024 3:06;181;12
30.03.2024 3:07;187;11
30.03.2024 3:08;193;12
30.03.2024 3:09;200;12
30.03.2024 3:11;206;12
30.03.2024 3:11;206;11
30.03.2024 3:12;212;12
30.03.2024 3:13;218;12
30.03.2024 3:14;225;12
30.03.2024 3:15;231;12
30.03.2024 3:15;231;13
30.03.2024 3:17;238;12
30.03.2024 3:18;244;13
30.03.2024 3:19;250;13
30.03.2024 3:20;256;13
30.03.2024 3:20;256;12
30.03.2024 3:22;262;11
30.03.2024 3:23;269;10
30.03.2024 3:24;275;10
30.03.2024 3:25;282;13
30.03.2024 3:25;282;11
30.03.2024 3:27;288;13
30.03.2024 3:28;294;13
30.03.2024 3:29;301;12
30.03.2024 3:30;307;11
30.03.2024 3:32;313;11
30.03.2024 3:32;313;12
30.03.2024 3:33;320;13
30.03.2024 3:34;326;13
30.03.2024 3:35;332;12
30.03.2024 3:37;338;11
30.03.2024 3:37;338;13
30.03.2024 3:38;345;12
30.03.2024 3:39;351;12
30.03.2024 3:40;357;10
30.03.2024 3:41;363;12
30.03.2024 3:42;363;12
30.03.2024 3:43;370;12
30.03.2024 3:44;377;13
30.03.2024 3:45;383;13
30.03.2024 3:46;389;10
30.03.2024 3:46;389;13
30.03.2024 3:48;395;13
30.03.2024 3:49;402;19
30.03.2024 3:50;408;22
30.03.2024 3:51;414;20
30.03.2024 3:53;420;20
30.03.2024 3:53;420;20
30.03.2024 3:54;426;18
30.03.2024 3:55;433;24
30.03.2024 3:56;439;19
30.03.2024 3:58;445;19
30.03.2024 3:58;445;19
30.03.2024 3:59;452;21
30.03.2024 4:00;458;19
30.03.2024 4:01;464;20
30.03.2024 4:03;471;21
30.03.2024 4:03;471;21
30.03.2024 4:04;477;20
30.03.2024 4:05;483;19
30.03.2024 4:06;490;21
30.03.2024 4:08;496;21
30.03.2024 4:08;496;21
30.03.2024 4:09;495;19
30.03.2024 4:10;489;19
30.03.2024 4:11;482;19
30.03.2024 4:12;476;19
30.03.2024 4:12;476;21
30.03.2024 4:14;469;22
30.03.2024 4:15;463;20
30.03.2024 4:16;456;20
30.03.2024 4:17;450;19
30.03.2024 4:19;444;19
30.03.2024 4:19;444;19
30.03.2024 4:20;438;19
30.03.2024 4:21;431;19
30.03.2024 4:22;425;19
30.03.2024 4:24;419;18
30.03.2024 4:24;419;19
30.03.2024 4:25;412;19
30.03.2024 4:26;406;19
30.03.2024 4:27;400;18
30.03.2024 4:29;394;18
30.03.2024 4:29;394;19
30.03.2024 4:30;387;20
30.03.2024 4:31;381;20
30.03.2024 4:32;375;20
30.03.2024 4:34;368;19
30.03.2024 4:34;368;19
30.03.2024 4:35;362;20
30.03.2024 4:36;356;20
30.03.2024 4:37;349;20
30.03.2024 4:38;342;20
30.03.2024 4:38;342;17
30.03.2024 4:40;336;18
30.03.2024 4:41;330;18
30.03.2024 4:42;324;18
30.03.2024 4:43;317;17
30.03.2024 4:45;311;19
30.03.2024 4:45;311;18
30.03.2024 4:46;305;17
30.03.2024 4:47;299;17
30.03.2024 4:48;292;16
30.03.2024 4:50;286;18
30.03.2024 4:50;286;16
30.03.2024 4:51;279;17
30.03.2024 4:52;273;17
30.03.2024 4:53;267;17
30.03.2024 4:55;260;19
30.03.2024 4:55;260;16
30.03.2024 4:56;254;17
30.03.2024 4:57;247;17
30.03.2024 4:58;241;17
30.03.2024 5:00;234;17
30.03.2024 5:00;234;16
30.03.2024 5:01;228;19
30.03.2024 5:02;223;19
30.03.2024 5:03;216;18
30.03.2024 5:05;210;17
30.03.2024 5:05;210;18
30.03.2024 5:06;203;16
30.03.2024 5:07;197;16
30.03.2024 5:08;190;17
30.03.2024 5:09;184;15
30.03.2024 5:11;178;15
30.03.2024 5:11;178;17
30.03.2024 5:12;171;15
30.03.2024 5:13;165;15
30.03.2024 5:14;159;18
30.03.2024 5:16;153;16
30.03.2024 5:16;153;17
30.03.2024 5:17;146;15
30.03.2024 5:18;140;15
30.03.2024 5:19;134;17
30.03.2024 5:21;127;17
30.03.2024 5:21;127;16
30.03.2024 5:22;120;15
30.03.2024 5:23;115;15
30.03.2024 5:24;108;0
30.03.2024 5:26;101;0
30.03.2024 5:26;101;0
30.03.2024 5:27;96;0
30.03.2024 5:28;89;0
30.03.2024 5:29;83;0
30.03.2024 5:31;76;0
30.03.2024 5:31;76;0
30.03.2024 5:32;70;0
30.03.2024 5:33;64;0
30.03.2024 5:34;57;0
30.03.2024 5:35;51;0
30.03.2024 5:37;44;0
30.03.2024 5:37;44;0
30.03.2024 5:38;39;0
30.03.2024 5:39;32;0
30.03.2024 5:40;25;0
30.03.2024 5:42;19;0
30.03.2024 5:42;19;0
30.03.2024 5:43;12;0
30.03.2024 5:44;6;0
30.03.2024 5:45;0;0
30.03.2024 5:47;-5;0
30.03.2024 5:47;-5;0
30.03.2024 5:48;0;0
30.03.2024 5:49;0;0
30.03.2024 5:50;0;0
30.03.2024 5:52;0;0
30.03.2024 5:53;0;0
30.03.2024 5:54;0;0
30.03.2024 5:55;0;0
30.03.2024 5:57;0;0
30.03.2024 5:58;0;0
30.03.2024 5:59;0;11
30.03.2024 6:00;0;16
30.03.2024 6:02;0;16
30.03.2024 6:03;0;16
30.03.2024 6:04;0;12
30.03.2024 6:05;0;13
30.03.2024 6:06;0;11
30.03.2024 6:08;0;11
30.03.2024 6:09;0;11
30.03.2024 6:10;0;11
30.03.2024 6:11;0;13
30.03.2024 6:13;0;11
30.03.2024 6:14;0;11
30.03.2024 6:15;0;11
30.03.2024 6:16;0;10
30.03.2024 6:16;0;10
30.03.2024 6:18;0;10
30.03.2024 6:19;0;10
30.03.2024 6:20;0;11
30.03.2024 6:21;0;13
30.03.2024 6:23;0;11
30.03.2024 6:24;0;10
30.03.2024 6:25;0;10
30.03.2024 6:26;0;11
30.03.2024 6:28;5;11
30.03.2024 6:29;6;12
30.03.2024 6:29;6;11
30.03.2024 6:30;0;12
30.03.2024 6:31;5;12
30.03.2024 6:32;11;11
30.03.2024 6:34;17;11
30.03.2024 6:34;17;12
30.03.2024 6:35;24;13
30.03.2024 6:36;30;13
30.03.2024 6:37;36;11
30.03.2024 6:39;43;11
30.03.2024 6:39;43;13
30.03.2024 6:40;49;12
30.03.2024 6:41;56;12
30.03.2024 6:42;62;12
30.03.2024 6:44;68;13
30.03.2024 6:44;68;12
30.03.2024 6:45;74;12
30.03.2024 6:46;81;12
30.03.2024 6:47;88;13
30.03.2024 6:49;93;12
30.03.2024 6:49;93;12
30.03.2024 6:50;100;14
30.03.2024 6:51;106;14
30.03.2024 6:52;112;13
30.03.2024 6:54;119;11
30.03.2024 6:55;125;12
30.03.2024 6:55;125;10
30.03.2024 6:56;131;11
30.03.2024 6:57;138;11
30.03.2024 6:58;144;12
30.03.2024 7:00;150;12
30.03.2024 7:00;150;13
30.03.2024 7:01;157;12
30.03.2024 7:02;162;12
30.03.2024 7:03;169;13
30.03.2024 7:05;176;12
30.03.2024 7:05;176;13
30.03.2024 7:06;182;14
30.03.2024 7:07;188;14
30.03.2024 7:08;194;13
30.03.2024 7:10;201;14
30.03.2024 7:10;201;13
30.03.2024 7:11;207;14
30.03.2024 7:12;213;14
30.03.2024 7:13;219;12
30.03.2024 7:15;226;12
30.03.2024 7:15;226;11
30.03.2024 7:16;232;11
30.03.2024 7:17;239;10
30.03.2024 7:18;245;12
30.03.2024 7:20;252;13
30.03.2024 7:21;257;14
30.03.2024 7:21;257;12
30.03.2024 7:22;263;12
30.03.2024 7:23;270;12
30.03.2024 7:25;276;12
30.03.2024 7:26;283;12
30.03.2024 7:26;283;13
30.03.2024 7:27;289;13
30.03.2024 7:28;295;12
30.03.2024 7:29;302;12
30.03.2024 7:31;308;13
30.03.2024 7:31;308;13
30.03.2024 7:32;314;13
30.03.2024 7:33;321;11
30.03.2024 7:34;327;14
30.03.2024 7:36;333;12
30.03.2024 7:36;333;12
30.03.2024 7:37;339;12
30.03.2024 7:38;346;12
30.03.2024 7:39;352;13
30.03.2024 7:41;359;13
30.03.2024 7:41;359;11
30.03.2024 7:42;365;19
30.03.2024 7:43;371;21
30.03.2024 7:44;378;19
30.03.2024 7:46;384;21
30.03.2024 7:47;390;21
30.03.2024 7:47;390;20
30.03.2024 7:48;396;22
30.03.2024 7:49;403;19
30.03.2024 7:51;409;18
30.03.2024 7:52;415;18
30.03.2024 7:52;415;21
30.03.2024 7:53;421;19
30.03.2024 7:54;428;21
30.03.2024 7:55;434;21
30.03.2024 7:57;440;18
30.03.2024 7:57;440;19
30.03.2024 7:58;446;20
30.03.2024 7:59;453;18
30.03.2024 8:00;459;18
30.03.2024 8:02;466;19
30.03.2024 8:02;466;19
30.03.2024 8:03;472;21
30.03.2024 8:04;478;20
30.03.2024 8:05;485;20
30.03.2024 8:07;491;21
30.03.2024 8:07;491;19
30.03.2024 8:08;498;19
30.03.2024 8:09;494;19
30.03.2024 8:10;487;19
30.03.2024 8:12;481;19
30.03.2024 8:13;474;18
30.03.2024 8:13;474;18
30.03.2024 8:14;468;19
30.03.2024 8:15;462;19
30.03.2024 8:17;455;19
30.03.2024 8:18;449;19
30.03.2024 8:18;449;19
30.03.2024 8:19;442;19
30.03.2024 8:20;436;20
30.03.2024 8:22;430;19
30.03.2024 8:23;424;19
30.03.2024 8:23;424;18
30.03.2024 8:24;417;17
30.03.2024 8:25;411;18
30.03.2024 8:26;405;18
30.03.2024 8:28;398;18
30.03.2024 8:28;398;16
30.03.2024 8:29;392;17
30.03.2024 8:30;386;20
30.03.2024 8:31;380;18
30.03.2024 8:33;373;16
30.03.2024 8:33;373;16
30.03.2024 8:34;367;18
30.03.2024 8:35;360;15
30.03.2024 8:36;354;18
30.03.2024 8:38;348;17
30.03.2024 8:39;341;16
30.03.2024 8:39;341;18
30.03.2024 8:40;335;15
30.03.2024 8:41;329;18
30.03.2024 8:43;323;17
30.03.2024 8:44;316;17
30.03.2024 8:44;316;17
30.03.2024 8:45;310;16
30.03.2024 8:46;304;16
30.03.2024 8:48;297;17
30.03.2024 8:49;291;15
30.03.2024 8:49;291;16
30.03.2024 8:50;285;17
30.03.2024 8:51;278;17
30.03.2024 8:53;272;16
30.03.2024 8:54;266;16
30.03.2024 8:55;259;16
30.03.2024 8:56;253;17
30.03.2024 8:57;246;15
30.03.2024 8:59;240;15
30.03.2024 9:00;233;16
30.03.2024 9:01;227;16
30.03.2024 9:02;220;16
30.03.2024 9:04;215;16
30.03.2024 9:05;208;16
30.03.2024 9:05;208;15
30.03.2024 9:06;202;16
30.03.2024 9:07;195;0
30.03.2024 9:09;189;0
30.03.2024 9:10;183;0
30.03.2024 9:11;177;0
30.03.2024 9:12;170;0
30.03.2024 9:14;164;0
30.03.2024 9:15;158;0
30.03.2024 9:16;151;0
30.03.2024 9:17;145;0
30.03.2024 9:19;138;0
30.03.2024 9:20;133;0
30.03.2024 9:21;126;0
30.03.2024 9:22;119;0
30.03.2024 9:23;114;0
30.03.2024 9:25;107;0
30.03.2024 9:26;100;0
30.03.2024 9:27;94;0
30.03.2024 9:28;88;0
30.03.2024 9:30;82;0
30.03.2024 9:31;75;0
30.03.2024 9:31;75;0
30.03.2024 9:32;68;0
30.03.2024 9:33;63;0
30.03.2024 9:35;56;0
30.03.2024 9:36;50;0
30.03.2024 9:37;43;0
30.03.2024 9:38;36;0
30.03.2024 9:40;31;0
30.03.2024 9:41;24;0
30.03.2024 9:42;18;0
30.03.2024 9:43;11;0
30.03.2024 9:45;0;0
30.03.2024 9:46;0;0
30.03.2024 9:47;0;0
30.03.2024 9:48;0;11
30.03.2024 9:50;0;11
30.03.2024 9:51;0;14
30.03.2024 9:52;0;12
30.03.2024 9:53;0;11
30.03.2024 9:54;0;12
30.03.2024 9:56;0;11
30.03.2024 9:57;0;13
30.03.2024 9:58;0;11
30.03.2024 9:59;0;12
30.03.2024 10:01;0;11
30.03.2024 10:02;0;13
30.03.2024 10:03;0;11
30.03.2024 10:04;0;10
30.03.2024 10:06;0;10
30.03.2024 10:07;0;11
30.03.2024 10:08;0;11
30.03.2024 10:09;0;11
30.03.2024 10:11;0;12
30.03.2024 10:12;0;12
30.03.2024 10:13;0;10
30.03.2024 10:14;0;11
30.03.2024 10:16;0;11
30.03.2024 10:17;0;11
30.03.2024 10:18;0;11
30.03.2024 10:19;0;12
30.03.2024 10:20;0;11
30.03.2024 10:22;0;11
30.03.2024 10:23;0;12
30.03.2024 10:24;0;11
30.03.2024 10:25;0;11
30.03.2024 10:27;1;11
30.03.2024 10:28;6;11
30.03.2024 10:29;4;12
30.03.2024 10:30;1;11
30.03.2024 10:32;6;12
30.03.2024 10:33;13;12
30.03.2024 10:34;19;11
30.03.2024 10:35;26;12
30.03.2024 10:37;32;10
30.03.2024 10:38;39;10
30.03.2024 10:39;46;11
30.03.2024 10:40;51;11
30.03.2024 10:42;58;12
30.03.2024 10:43;64;11
30.03.2024 10:44;71;11
30.03.2024 10:45;76;11
30.03.2024 10:47;83;11
30.03.2024 10:48;90;11
30.03.2024 10:49;96;11
30.03.2024 10:49;96;12
30.03.2024 10:50;102;10
30.03.2024 10:51;108;11
30.03.2024 10:53;115;11
30.03.2024 10:54;121;12
30.03.2024 10:54;121;12
30.03.2024 10:55;127;12
30.03.2024 10:56;134;11
30.03.2024 10:58;140;11
30.03.2024 10:59;146;11
30.03.2024 11:00;153;11
30.03.2024 11:01;159;11
30.03.2024 11:03;166;11
30.03.2024 11:04;171;12
30.03.2024 11:05;178;13
30.03.2024 11:06;184;12
30.03.2024 11:08;190;12
30.03.2024 11:09;197;11
30.03.2024 11:10;203;11
30.03.2024 11:11;210;13
30.03.2024 11:13;216;13
30.03.2024 11:14;223;13
30.03.2024 11:15;228;12
30.03.2024 11:15;228;13
30.03.2024 11:16;234;13
30.03.2024 11:17;241;12
30.03.2024 11:19;247;14
30.03.2024 11:20;254;14
30.03.2024 11:20;254;12
30.03.2024 11:21;260;13
30.03.2024 11:22;267;12
30.03.2024 11:24;272;12
30.03.2024 11:25;278;13
30.03.2024 11:25;278;12
30.03.2024 11:26;285;12
30.03.2024 11:27;291;22
30.03.2024 11:29;297;20
30.03.2024 11:30;304;21
30.03.2024 11:31;310;21
30.03.2024 11:32;316;20
30.03.2024 11:34;323;23
30.03.2024 11:35;329;20
30.03.2024 11:36;335;20
30.03.2024 11:37;342;22
30.03.2024 11:39;349;19
30.03.2024 11:40;355;19
30.03.2024 11:41;361;22
30.03.2024 11:41;361;22
30.03.2024 11:42;367;19
30.03.2024 11:44;373;20
30.03.2024 11:45;380;23
30.03.2024 11:46;386;21
30.03.2024 11:46;386;19
30.03.2024 11:47;393;20
30.03.2024 11:48;399;19
30.03.2024 11:50;405;22
30.03.2024 11:51;411;18
30.03.2024 11:51;411;18
30.03.2024 11:52;417;18
30.03.2024 11:53;424;19
30.03.2024 11:55;430;19
30.03.2024 11:56;436;19
30.03.2024 11:57;443;21
30.03.2024 11:58;449;23
30.03.2024 12:00;455;21
30.03.2024 12:01;462;21
30.03.2024 12:02;468;20
30.03.2024 12:03;474;22
30.03.2024 12:05;481;19
30.03.2024 12:06;487;19
30.03.2024 12:07;494;20
30.03.2024 12:07;494;19
30.03.2024 12:08;498;20
30.03.2024 12:10;491;21
30.03.2024 12:11;485;21
30.03.2024 12:12;478;20
30.03.2024 12:12;478;21
30.03.2024 12:13;472;19
30.03.2024 12:14;465;18
30.03.2024 12:16;459;18
30.03.2024 12:17;453;18
30.03.2024 12:17;453;18
30.03.2024 12:18;446;18
30.03.2024 12:19;440;20
30.03.2024 12:21;434;20
30.03.2024 12:22;427;20
30.03.2024 12:22;427;18
30.03.2024 12:23;421;19
30.03.2024 12:24;415;17
30.03.2024 12:26;409;17
30.03.2024 12:27;402;20
30.03.2024 12:28;396;19
30.03.2024 12:29;390;19
30.03.2024 12:31;384;17
30.03.2024 12:32;377;17
30.03.2024 12:33;370;17
30.03.2024 12:33;370;20
30.03.2024 12:34;364;18
30.03.2024 12:36;358;17
30.03.2024 12:37;352;18
30.03.2024 12:38;346;16
30.03.2024 12:38;346;16
30.03.2024 12:39;339;18
30.03.2024 12:41;333;17
30.03.2024 12:42;326;17
30.03.2024 12:43;320;17
30.03.2024 12:43;320;18
30.03.2024 12:44;313;16
30.03.2024 12:45;307;18
30.03.2024 12:47;301;18
30.03.2024 12:48;294;16
30.03.2024 12:48;294;15
30.03.2024 12:49;288;18
30.03.2024 12:50;282;15
30.03.2024 12:52;275;15
30.03.2024 12:53;269;18
30.03.2024 12:54;262;16
30.03.2024 12:55;256;16
30.03.2024 12:57;251;16
30.03.2024 12:58;244;16
30.03.2024 12:59;238;15
30.03.2024 12:59;238;16
30.03.2024 13:00;231;16
30.03.2024 13:02;225;0
30.03.2024 13:03;218;0
30.03.2024 13:04;212;0
30.03.2024 13:04;212;0
30.03.2024 13:05;206;0
30.03.2024 13:07;200;0
30.03.2024 13:08;193;0
30.03.2024 13:09;187;0
30.03.2024 13:09;187;0
30.03.2024 13:10;180;0
30.03.2024 13:11;175;0
30.03.2024 13:13;168;0
30.03.2024 13:14;161;0
30.03.2024 13:14;161;0
30.03.2024 13:15;155;0
30.03.2024 13:16;149;0
30.03.2024 13:18;143;0
30.03.2024 13:19;136;0
30.03.2024 13:20;130;0
30.03.2024 13:21;124;0
30.03.2024 13:23;117;0
30.03.2024 13:24;111;0
30.03.2024 13:25;105;0
30.03.2024 13:25;105;0
30.03.2024 13:26;98;0
30.03.2024 13:28;92;0
30.03.2024 13:29;85;0
30.03.2024 13:30;79;0
30.03.2024 13:30;79;0
30.03.2024 13:31;73;0
30.03.2024 13:33;66;0
30.03.2024 13:34;60;0
30.03.2024 13:35;54;0
30.03.2024 13:35;54;0
30.03.2024 13:36;47;12
30.03.2024 13:37;41;12
30.03.2024 13:39;34;14
30.03.2024 13:40;28;11
30.03.2024 13:40;28;11
30.03.2024 13:41;21;11
30.03.2024 13:42;16;11
30.03.2024 13:44;9;11
30.03.2024 13:45;3;11
30.03.2024 13:46;0;11
30.03.2024 13:46;0;11
30.03.2024 13:47;0;11
30.03.2024 13:49;0;12
30.03.2024 13:50;0;12
30.03.2024 13:51;0;10
30.03.2024 13:52;0;12
30.03.2024 13:53;0;12
30.03.2024 13:55;0;11
30.03.2024 13:56;0;11
30.03.2024 13:57;0;11
30.03.2024 13:58;0;11
30.03.2024 14:00;0;11
30.03.2024 14:01;0;11
30.03.2024 14:02;0;12
30.03.2024 14:03;0;11
30.03.2024 14:05;0;11
30.03.2024 14:06;0;11
30.03.2024 14:07;0;11
30.03.2024 14:08;0;11
30.03.2024 14:10;0;12
30.03.2024 14:11;0;12
30.03.2024 14:12;0;11
30.03.2024 14:13;0;12
30.03.2024 14:15;0;12
30.03.2024 14:16;0;11
30.03.2024 14:17;0;11
30.03.2024 14:18;0;11
30.03.2024 14:19;0;12
30.03.2024 14:21;0;13
30.03.2024 14:22;0;10
30.03.2024 14:23;0;10
30.03.2024 14:24;0;9
30.03.2024 14:26;0;12
30.03.2024 14:27;2;13
30.03.2024 14:27;2;12
30.03.2024 14:29;3;11
30.03.2024 14:30;2;11
30.03.2024 14:32;9;10
30.03.2024 14:33;15;11
30.03.2024 14:33;15;11
30.03.2024 14:34;21;12
30.03.2024 14:35;27;12
30.03.2024 14:37;34;13
30.03.2024 14:38;40;11
30.03.2024 14:39;47;13
30.03.2024 14:39;47;11
30.03.2024 14:40;52;11
30.03.2024 14:42;59;11
30.03.2024 14:43;65;12
30.03.2024 14:44;72;13
30.03.2024 14:44;72;12
30.03.2024 14:45;79;14
30.03.2024 14:47;84;14
30.03.2024 14:48;91;12
30.03.2024 14:49;97;14
30.03.2024 14:49;97;13
30.03.2024 14:50;103;12
30.03.2024 14:52;110;12
30.03.2024 14:53;116;12
30.03.2024 14:54;122;12
30.03.2024 14:54;122;11
30.03.2024 14:55;128;11
30.03.2024 14:56;135;12
30.03.2024 14:58;141;12
30.03.2024 14:59;147;12
30.03.2024 15:00;154;13
30.03.2024 15:00;154;12
30.03.2024 15:01;160;12
30.03.2024 15:03;166;11
30.03.2024 15:04;172;12
30.03.2024 15:05;179;13
30.03.2024 15:05;179;12
30.03.2024 15:06;186;12
30.03.2024 15:08;191;12
30.03.2024 15:09;198;13
30.03.2024 15:10;204;14
30.03.2024 15:10;204;11
30.03.2024 15:11;211;11
30.03.2024 15:12;216;12
30.03.2024 15:14;223;14
30.03.2024 15:15;229;11
30.03.2024 15:16;236;12
30.03.2024 15:16;236;12
30.03.2024 15:17;242;13
30.03.2024 15:19;247;12
30.03.2024 15:20;254;14
30.03.2024 15:21;260;21
30.03.2024 15:21;260;21
30.03.2024 15:22;267;22
30.03.2024 15:24;273;20
30.03.2024 15:25;279;20
30.03.2024 15:26;286;24
30.03.2024 15:26;286;20
30.03.2024 15:27;292;20
30.03.2024 15:29;301;23
30.03.2024 15:30;304;21
30.03.2024 15:31;310;18
30.03.2024 15:32;316;21
30.03.2024 15:32;316;21
30.03.2024 15:33;323;22
30.03.2024 15:35;329;20
30.03.2024 15:36;335;20
30.03.2024 15:37;341;23
30.03.2024 15:37;341;23
30.03.2024 15:38;348;20
30.03.2024 15:40;354;19
30.03.2024 15:41;360;20
30.03.2024 15:42;366;22
30.03.2024 15:42;366;22
30.03.2024 15:43;373;21
30.03.2024 15:44;380;19
30.03.2024 15:46;386;20
30.03.2024 15:47;392;23
30.03.2024 15:48;398;24
30.03.2024 15:48;398;24
30.03.2024 15:49;405;24
30.03.2024 15:51;411;23
30.03.2024 15:52;417;20
30.03.2024 15:53;423;20
30.03.2024 15:53;423;20
30.03.2024 15:54;430;21
30.03.2024 15:56;436;21
30.03.2024 15:57;442;22
30.03.2024 15:58;449;20
30.03.2024 15:58;449;20
30.03.2024 15:59;455;21
30.03.2024 16:01;461;22
30.03.2024 16:02;467;20
30.03.2024 16:03;474;21
30.03.2024 16:03;474;21
30.03.2024 16:04;480;21
30.03.2024 16:06;487;20
30.03.2024 16:07;493;20
30.03.2024 16:08;498;20
30.03.2024 16:08;498;20
30.03.2024 16:09;492;19
30.03.2024 16:11;485;21
30.03.2024 16:12;479;21
30.03.2024 16:13;472;21
30.03.2024 16:14;466;21
30.03.2024 16:14;466;19
30.03.2024 16:15;460;19
30.03.2024 16:17;453;19
30.03.2024 16:18;447;21
30.03.2024 16:19;441;22
30.03.2024 16:19;441;19
30.03.2024 16:20;434;18
30.03.2024 16:22;428;18
30.03.2024 16:23;422;18
30.03.2024 16:24;415;20
30.03.2024 16:24;415;18
30.03.2024 16:25;409;18
30.03.2024 16:27;403;18
30.03.2024 16:28;397;19
30.03.2024 16:29;390;18
30.03.2024 16:29;390;17
30.03.2024 16:30;384;18
30.03.2024 16:32;378;18
30.03.2024 16:33;371;19
30.03.2024 16:34;365;17
30.03.2024 16:35;359;18
30.03.2024 16:35;359;19
30.03.2024 16:37;352;18
30.03.2024 16:38;346;18
30.03.2024 16:39;339;17
30.03.2024 16:40;333;18
30.03.2024 16:40;333;16
30.03.2024 16:41;327;18
30.03.2024 16:43;321;18
30.03.2024 16:44;314;17
30.03.2024 16:45;308;20
30.03.2024 16:45;308;17
30.03.2024 16:46;302;17
30.03.2024 16:48;295;17
30.03.2024 16:49;289;15
30.03.2024 16:50;283;16
30.03.2024 16:50;283;16
30.03.2024 16:51;276;15
30.03.2024 16:53;270;15
30.03.2024 16:54;263;16
30.03.2024 16:55;257;16
30.03.2024 16:55;257;0
30.03.2024 16:56;251;0
30.03.2024 16:58;244;0
30.03.2024 16:59;238;0
30.03.2024 17:00;231;0
30.03.2024 17:00;231;0
30.03.2024 17:01;225;0
30.03.2024 17:03;219;0
30.03.2024 17:04;213;0
30.03.2024 17:05;206;0
30.03.2024 17:06;200;0
30.03.2024 17:06;200;0
30.03.2024 17:07;193;0
30.03.2024 17:09;187;0
30.03.2024 17:10;181;0
30.03.2024 17:11;175;0
30.03.2024 17:11;175;0
30.03.2024 17:12;168;0
30.03.2024 17:14;162;0
30.03.2024 17:15;156;0
30.03.2024 17:16;149;0
30.03.2024 17:16;149;0
30.03.2024 17:17;143;0
30.03.2024 17:19;137;0
30.03.2024 17:20;130;0
30.03.2024 17:21;124;0
30.03.2024 17:21;124;0
30.03.2024 17:22;118;0
30.03.2024 17:24;111;0
30.03.2024 17:25;105;0
30.03.2024 17:26;99;0
30.03.2024 17:27;92;0
30.03.2024 17:27;92;0
30.03.2024 17:29;85;13
30.03.2024 17:30;80;10
30.03.2024 17:31;73;16
30.03.2024 17:32;67;16
30.03.2024 17:32;67;11
30.03.2024 17:33;60;12
30.03.2024 17:35;54;11
30.03.2024 17:36;48;12
30.03.2024 17:37;41;12
30.03.2024 17:37;41;11
30.03.2024 17:38;35;11
30.03.2024 17:40;28;11
30.03.2024 17:41;23;12
30.03.2024 17:42;16;12
30.03.2024 17:42;16;11
30.03.2024 17:43;10;11
30.03.2024 17:45;3;12
30.03.2024 17:46;-1;11
30.03.2024 17:47;-1;12
30.03.2024 17:48;-1;12
30.03.2024 17:50;-1;11
30.03.2024 17:51;-1;12
30.03.2024 17:52;-1;11
30.03.2024 17:53;-1;10
30.03.2024 17:55;-1;10
30.03.2024 17:56;-1;11
30.03.2024 17:57;-1;11
30.03.2024 17:58;-1;11
30.03.2024 18:00;-1;11
30.03.2024 18:01;-1;11
30.03.2024 18:02;-1;10
30.03.2024 18:03;-1;11
30.03.2024 18:04;-1;12
30.03.2024 18:06;-1;12
30.03.2024 18:07;-1;11
30.03.2024 18:08;-1;11
30.03.2024 18:09;-1;12
30.03.2024 18:11;-1;12
30.03.2024 18:12;-1;10
30.03.2024 18:13;-1;11
30.03.2024 18:14;-1;13
30.03.2024 18:16;-1;12
30.03.2024 18:17;-1;12
30.03.2024 18:18;-1;12
30.03.2024 18:19;-1;13
30.03.2024 18:21;-1;10
30.03.2024 18:22;-1;13
30.03.2024 18:23;-1;13
30.03.2024 18:24;-1;13
30.03.2024 18:26;-1;12
30.03.2024 18:27;1;11
30.03.2024 18:28;6;11
30.03.2024 18:29;2;11
30.03.2024 18:29;2;11
30.03.2024 18:30;3;10
30.03.2024 18:32;9;11
30.03.2024 18:33;16;10
30.03.2024 18:34;21;11
30.03.2024 18:34;21;11
30.03.2024 18:35;28;11
30.03.2024 18:37;34;12
30.03.2024 18:38;41;11
30.03.2024 18:39;47;11
30.03.2024 18:39;47;12
30.03.2024 18:40;54;11
30.03.2024 18:42;59;11
30.03.2024 18:43;66;11
30.03.2024 18:44;73;11
30.03.2024 18:45;79;11
30.03.2024 18:45;79;11
30.03.2024 18:47;85;12
30.03.2024 18:48;91;11
30.03.2024 18:49;98;13
30.03.2024 18:50;103;11
30.03.2024 18:50;103;11
30.03.2024 18:52;110;11
30.03.2024 18:53;119;13
30.03.2024 18:54;122;13
30.03.2024 18:55;129;11
30.03.2024 18:56;135;11
30.03.2024 18:56;135;14
30.03.2024 18:58;141;13
30.03.2024 18:59;148;12
30.03.2024 19:00;154;14
30.03.2024 19:01;160;13
30.03.2024 19:01;160;13
30.03.2024 19:03;167;14
30.03.2024 19:04;172;12
30.03.2024 19:05;179;11
30.03.2024 19:06;186;12
30.03.2024 19:06;186;11
30.03.2024 19:08;192;25
30.03.2024 19:09;198;20
30.03.2024 19:10;204;22
30.03.2024 19:11;211;21
30.03.2024 19:11;211;20
30.03.2024 19:13;217;24
30.03.2024 19:14;224;24
30.03.2024 19:15;229;21
30.03.2024 19:16;236;23
30.03.2024 19:16;236;23
30.03.2024 19:17;242;21
30.03.2024 19:19;248;21
30.03.2024 19:20;255;21
30.03.2024 19:21;261;22
30.03.2024 19:22;268;21
30.03.2024 19:22;268;21
30.03.2024 19:24;274;21
30.03.2024 19:25;281;22
30.03.2024 19:26;286;20
30.03.2024 19:27;292;20
30.03.2024 19:27;292;23
30.03.2024 19:29;299;24
30.03.2024 19:30;305;24
30.03.2024 19:31;311;21
30.03.2024 19:32;317;21
30.03.2024 19:34;324;21
30.03.2024 19:35;330;20
30.03.2024 19:36;337;23
30.03.2024 19:37;344;24
30.03.2024 19:38;350;24
30.03.2024 19:40;356;23
30.03.2024 19:41;362;25
30.03.2024 19:42;368;23
30.03.2024 19:43;375;21
30.03.2024 19:45;381;21
30.03.2024 19:46;387;20
30.03.2024 19:47;394;22
30.03.2024 19:48;400;23
30.03.2024 19:50;406;20
30.03.2024 19:51;412;21
30.03.2024 19:52;419;23
30.03.2024 19:53;425;19
30.03.2024 19:55;431;21
30.03.2024 19:56;437;22
30.03.2024 19:57;444;20
30.03.2024 19:58;450;19
30.03.2024 20:00;456;19
30.03.2024 20:01;463;18
30.03.2024 20:02;469;18
30.03.2024 20:03;475;20
30.03.2024 20:05;482;19
30.03.2024 20:06;488;18
30.03.2024 20:07;495;18
30.03.2024 20:08;497;18
30.03.2024 20:09;490;17
30.03.2024 20:11;484;19
30.03.2024 20:12;477;19
30.03.2024 20:13;471;19
30.03.2024 20:14;464;17
30.03.2024 20:14;464;18
30.03.2024 20:16;458;18
30.03.2024 20:17;452;19
30.03.2024 20:18;445;18
30.03.2024 20:19;439;17
30.03.2024 20:19;439;18
30.03.2024 20:21;433;17
30.03.2024 20:22;426;17
30.03.2024 20:23;420;19
30.03.2024 20:24;414;17
30.03.2024 20:26;407;17
30.03.2024 20:27;401;19
30.03.2024 20:28;395;17
30.03.2024 20:29;389;17
30.03.2024 20:31;383;15
30.03.2024 20:32;376;17
30.03.2024 20:33;369;17
30.03.2024 20:34;363;19
30.03.2024 20:35;357;17
30.03.2024 20:37;351;16
30.03.2024 20:38;345;17
30.03.2024 20:39;338;17
30.03.2024 20:40;331;17
30.03.2024 20:40;331;15
30.03.2024 20:42;325;16
30.03.2024 20:43;318;15
30.03.2024 20:44;312;16
30.03.2024 20:45;306;14
30.03.2024 20:45;306;0
30.03.2024 20:47;300;0
30.03.2024 20:48;293;0
30.03.2024 20:49;287;0
30.03.2024 20:50;281;0
30.03.2024 20:52;274;0
30.03.2024 20:53;268;0
30.03.2024 20:54;261;0
30.03.2024 20:55;256;0
30.03.2024 20:57;250;0
30.03.2024 20:58;243;0
30.03.2024 20:59;237;0
30.03.2024 21:00;230;0
30.03.2024 21:02;224;0
30.03.2024 21:03;217;0
30.03.2024 21:04;211;0
30.03.2024 21:05;205;0
30.03.2024 21:06;199;0
30.03.2024 21:06;199;0
30.03.2024 21:08;192;0
30.03.2024 21:09;186;0
30.03.2024 21:10;179;0
30.03.2024 21:11;173;0
30.03.2024 21:11;173;0
30.03.2024 21:13;167;0
30.03.2024 21:14;160;0
30.03.2024 21:15;154;0
30.03.2024 21:16;148;0
30.03.2024 21:18;141;0
30.03.2024 21:19;135;0
30.03.2024 21:20;128;0
30.03.2024 21:21;122;0
30.03.2024 21:23;116;0
30.03.2024 21:24;110;10
30.03.2024 21:25;103;15
30.03.2024 21:26;97;12
30.03.2024 21:28;91;11
30.03.2024 21:29;84;11
30.03.2024 21:30;77;10
30.03.2024 21:31;72;11
30.03.2024 21:32;65;11
30.03.2024 21:33;65;11
30.03.2024 21:34;59;11
30.03.2024 21:35;52;11
30.03.2024 21:36;46;11
30.03.2024 21:37;40;12
30.03.2024 21:37;40;10
30.03.2024 21:39;33;12
30.03.2024 21:40;27;11
30.03.2024 21:41;20;11
30.03.2024 21:42;15;12
30.03.2024 21:44;8;10
30.03.2024 21:45;2;11
30.03.2024 21:46;-1;12
30.03.2024 21:47;-1;11
30.03.2024 21:49;-1;10
30.03.2024 21:50;-1;12
30.03.2024 21:51;-1;11
30.03.2024 21:52;-1;11
30.03.2024 21:54;-1;11
30.03.2024 21:55;-1;11
30.03.2024 21:56;-1;11
30.03.2024 21:57;-1;11
30.03.2024 21:59;-1;12
30.03.2024 22:00;-1;11
30.03.2024 22:01;-1;10
30.03.2024 22:02;-1;12
30.03.2024 22:03;-1;12
30.03.2024 22:05;-1;12
30.03.2024 22:06;-1;10
30.03.2024 22:07;-1;10
30.03.2024 22:08;-1;12
30.03.2024 22:10;-1;12
30.03.2024 22:11;-1;12
30.03.2024 22:12;-1;11
30.03.2024 22:13;-1;12
30.03.2024 22:15;-1;10
30.03.2024 22:16;-1;10
30.03.2024 22:17;-1;9
30.03.2024 22:18;-1;11
30.03.2024 22:20;-1;11
30.03.2024 22:21;-1;10
30.03.2024 22:22;-1;12
30.03.2024 22:23;-1;12
30.03.2024 22:24;-1;12
30.03.2024 22:26;-1;11
30.03.2024 22:27;2;13
30.03.2024 22:28;6;13
30.03.2024 22:29;0;11
30.03.2024 22:31;5;13
30.03.2024 22:32;12;12
30.03.2024 22:33;18;11
30.03.2024 22:34;25;11
30.03.2024 22:36;31;12
30.03.2024 22:36;31;13
30.03.2024 22:37;38;12
30.03.2024 22:38;43;14
30.03.2024 22:39;50;14
30.03.2024 22:40;56;12
30.03.2024 22:41;56;12
30.03.2024 22:42;63;11
30.03.2024 22:43;70;11
30.03.2024 22:44;75;12
30.03.2024 22:45;82;13
30.03.2024 22:45;82;12
30.03.2024 22:47;88;12
30.03.2024 22:48;94;12
30.03.2024 22:49;101;12
30.03.2024 22:50;107;11
30.03.2024 22:52;114;14
30.03.2024 22:53;119;13
30.03.2024 22:54;126;13
30.03.2024 22:55;133;12
30.03.2024 22:57;138;13
30.03.2024 22:58;145;12
30.03.2024 22:59;151;13
30.03.2024 23:00;157;13
30.03.2024 23:02;164;15
30.03.2024 23:02;164;12
30.03.2024 23:03;170;12
30.03.2024 23:04;177;13
30.03.2024 23:05;182;13
30.03.2024 23:07;189;12
30.03.2024 23:07;189;13
30.03.2024 23:08;195;12
30.03.2024 23:09;202;22
30.03.2024 23:10;208;22
30.03.2024 23:11;214;21
30.03.2024 23:11;214;21
30.03.2024 23:13;220;23
30.03.2024 23:14;227;20
30.03.2024 23:15;233;20
30.03.2024 23:16;240;22
30.03.2024 23:16;240;20
30.03.2024 23:18;246;21
30.03.2024 23:19;252;23
30.03.2024 23:20;258;20
30.03.2024 23:21;265;20
30.03.2024 23:23;271;21
30.03.2024 23:24;277;22
30.03.2024 23:25;284;21
30.03.2024 23:26;290;19
30.03.2024 23:28;296;19
30.03.2024 23:28;296;20
30.03.2024 23:29;303;23
30.03.2024 23:30;309;21
30.03.2024 23:31;315;19
30.03.2024 23:33;322;19
30.03.2024 23:33;322;20
30.03.2024 23:34;328;22
30.03.2024 23:35;334;22
30.03.2024 23:36;340;21
30.03.2024 23:37;347;21
30.03.2024 23:37;347;19
30.03.2024 23:39;353;20
30.03.2024 23:40;359;20
30.03.2024 23:41;366;20
30.03.2024 23:42;372;20
30.03.2024 23:42;372;20
30.03.2024 23:44;379;19
30.03.2024 23:45;385;22
30.03.2024 23:46;391;22
30.03.2024 23:47;397;22
30.03.2024 23:47;397;22
30.03.2024 23:49;404;21
30.03.2024 23:50;410;22
30.03.2024 23:51;416;21
30.03.2024 23:52;422;21
30.03.2024 23:54;429;22
30.03.2024 23:54;429;23
30.03.2024 23:55;435;20
30.03.2024 23:56;441;20
30.03.2024 23:57;447;20
30.03.2024 23:59;454;19
30.03.2024 23:59;454;19
31.03.2024 0:00;460;19
31.03.2024 0:01;466;21
31.03.2024 0:02;473;20
31.03.2024 0:04;479;21
31.03.2024 0:04;479;19
31.03.2024 0:05;486;19
31.03.2024 0:06;492;19
31.03.2024 0:07;499;18
31.03.2024 0:08;493;21
31.03.2024 0:08;493;19
31.03.2024 0:10;486;20
31.03.2024 0:11;480;20
31.03.2024 0:12;473;18
31.03.2024 0:13;467;18
31.03.2024 0:13;467;19
31.03.2024 0:15;461;17
31.03.2024 0:16;454;17
31.03.2024 0:17;448;16
31.03.2024 0:18;442;21
31.03.2024 0:20;435;18
31.03.2024 0:20;435;17
31.03.2024 0:21;429;17
31.03.2024 0:22;423;19
31.03.2024 0:23;416;17
31.03.2024 0:25;410;17
31.03.2024 0:25;410;19
31.03.2024 0:26;404;19
31.03.2024 0:27;398;17
31.03.2024 0:28;391;18
31.03.2024 0:30;385;19
31.03.2024 0:30;385;16
31.03.2024 0:31;379;16
31.03.2024 0:32;372;17
31.03.2024 0:33;366;16
31.03.2024 0:34;359;17
31.03.2024 0:35;359;16
31.03.2024 0:36;353;16
31.03.2024 0:37;347;15
31.03.2024 0:38;340;17
31.03.2024 0:39;334;15
31.03.2024 0:39;334;16
31.03.2024 0:41;328;15
31.03.2024 0:42;322;15
31.03.2024 0:43;315;0
31.03.2024 0:44;309;0
31.03.2024 0:46;303;0
31.03.2024 0:46;303;0
31.03.2024 0:47;296;0
31.03.2024 0:48;290;0
31.03.2024 0:49;284;0
31.03.2024 0:51;277;0
31.03.2024 0:51;277;0
31.03.2024 0:52;271;0
31.03.2024 0:53;265;0
31.03.2024 0:54;258;0
31.03.2024 0:56;252;0
31.03.2024 0:56;252;0
31.03.2024 0:57;245;0
31.03.2024 0:58;239;0
31.03.2024 0:59;232;0
31.03.2024 1:01;226;0
31.03.2024 1:01;226;0
31.03.2024 1:02;219;0
31.03.2024 1:03;214;0
31.03.2024 1:04;207;0
31.03.2024 1:05;201;0
31.03.2024 1:05;201;0
31.03.2024 1:07;194;0
31.03.2024 1:08;188;0
31.03.2024 1:09;181;0
31.03.2024 1:10;176;0
31.03.2024 1:12;169;0
31.03.2024 1:12;169;0
31.03.2024 1:13;162;0
31.03.2024 1:14;156;0
31.03.2024 1:15;150;0
31.03.2024 1:17;144;0
31.03.2024 1:17;144;0
31.03.2024 1:18;137;12
31.03.2024 1:19;130;16
31.03.2024 1:20;125;16
31.03.2024 1:22;118;16
31.03.2024 1:22;118;11
31.03.2024 1:23;112;11
31.03.2024 1:24;106;10
31.03.2024 1:25;99;10
31.03.2024 1:27;93;12
31.03.2024 1:27;93;11
31.03.2024 1:28;87;11
31.03.2024 1:29;80;11
31.03.2024 1:30;74;11
31.03.2024 1:32;67;11
31.03.2024 1:32;67;11
31.03.2024 1:33;60;10
31.03.2024 1:34;55;10
31.03.2024 1:35;48;12
31.03.2024 1:36;42;12
31.03.2024 1:36;42;10
31.03.2024 1:38;35;11
31.03.2024 1:39;30;11
31.03.2024 1:40;23;11
31.03.2024 1:41;17;11
31.03.2024 1:43;10;10
31.03.2024 1:43;10;11
31.03.2024 1:44;0;11
31.03.2024 1:45;0;11
31.03.2024 1:46;0;11
31.03.2024 1:48;0;12
31.03.2024 1:49;0;11
31.03.2024 1:50;0;12
31.03.2024 1:51;0;12
31.03.2024 1:53;0;11
31.03.2024 1:54;0;10
31.03.2024 1:55;0;11
31.03.2024 1:56;0;11
31.03.2024 1:58;0;11
31.03.2024 1:59;0;11
31.03.2024 2:00;0;11
31.03.2024 2:01;0;10
31.03.2024 2:02;0;12
31.03.2024 2:04;0;12
31.03.2024 2:05;0;10
31.03.2024 2:06;0;10
31.03.2024 2:07;0;11
31.03.2024 2:09;0;11
31.03.2024 2:10;0;12
31.03.2024 2:11;0;11
31.03.2024 2:12;0;11
31.03.2024 2:14;0;12
31.03.2024 2:15;0;12
31.03.2024 2:16;0;12
31.03.2024 2:17;0;11
31.03.2024 2:19;0;10
31.03.2024 2:20;0;11
31.03.2024 2:21;0;11
31.03.2024 2:22;0;11
31.03.2024 2:24;0;11
31.03.2024 2:25;0;10
31.03.2024 2:26;0;11
31.03.2024 2:27;3;11
31.03.2024 2:28;8;12
31.03.2024 2:30;2;12
31.03.2024 2:30;2;13
31.03.2024 2:31;3;11
31.03.2024 2:32;10;11
31.03.2024 2:33;16;11
31.03.2024 2:35;21;11
31.03.2024 2:35;21;10
31.03.2024 2:36;28;13
31.03.2024 2:37;34;13
31.03.2024 2:38;41;13
31.03.2024 2:40;48;12
31.03.2024 2:40;48;11
31.03.2024 2:41;54;13
31.03.2024 2:42;60;13
31.03.2024 2:43;66;13
31.03.2024 2:45;73;13
31.03.2024 2:45;73;12
31.03.2024 2:46;79;10
31.03.2024 2:47;85;10
31.03.2024 2:48;92;12
31.03.2024 2:50;98;13
31.03.2024 2:50;98;11
31.03.2024 2:51;105;13
31.03.2024 2:52;110;13
31.03.2024 2:53;117;13
31.03.2024 2:55;124;12
31.03.2024 2:56;129;14
31.03.2024 2:56;129;14
31.03.2024 2:57;136;12
31.03.2024 2:58;143;11
31.03.2024 2:59;148;12
31.03.2024 3:01;155;11
31.03.2024 3:01;155;11
31.03.2024 3:02;161;23
31.03.2024 3:03;167;20
31.03.2024 3:04;173;22
31.03.2024 3:06;180;21
31.03.2024 3:06;180;21
31.03.2024 3:07;187;21
31.03.2024 3:08;192;24
31.03.2024 3:09;199;22
31.03.2024 3:11;205;21
31.03.2024 3:11;205;21
31.03.2024 3:12;212;21
31.03.2024 3:13;218;22
31.03.2024 3:14;225;18
31.03.2024 3:16;230;18
31.03.2024 3:16;230;20
31.03.2024 3:17;237;23
31.03.2024 3:18;243;21
31.03.2024 3:19;250;19
31.03.2024 3:21;256;19
31.03.2024 3:22;262;18
31.03.2024 3:22;262;19
31.03.2024 3:23;269;22
31.03.2024 3:24;275;20
31.03.2024 3:25;281;20
31.03.2024 3:27;287;19
31.03.2024 3:27;287;19
31.03.2024 3:28;293;19
31.03.2024 3:29;300;21
31.03.2024 3:30;306;21
31.03.2024 3:32;312;21
31.03.2024 3:32;312;21
31.03.2024 3:33;318;20
31.03.2024 3:34;326;21
31.03.2024 3:35;331;21
31.03.2024 3:37;338;20
31.03.2024 3:37;338;18
31.03.2024 3:38;345;21
31.03.2024 3:39;351;21
31.03.2024 3:40;357;19
31.03.2024 3:42;363;19
31.03.2024 3:42;363;20
31.03.2024 3:43;369;21
31.03.2024 3:44;376;21
31.03.2024 3:45;382;19
31.03.2024 3:47;388;19
31.03.2024 3:48;395;18
31.03.2024 3:48;395;17
31.03.2024 3:49;401;17
31.03.2024 3:50;407;16
31.03.2024 3:52;413;17
31.03.2024 3:53;420;18
31.03.2024 3:53;420;20
31.03.2024 3:54;426;18
31.03.2024 3:55;432;18
31.03.2024 3:56;438;17
31.03.2024 3:58;445;16
31.03.2024 3:58;445;20
31.03.2024 3:59;451;20
31.03.2024 4:00;457;16
31.03.2024 4:01;464;17
31.03.2024 4:03;470;15
31.03.2024 4:03;470;18
31.03.2024 4:04;477;18
31.03.2024 4:05;483;17
31.03.2024 4:06;489;17
31.03.2024 4:08;496;18
31.03.2024 4:08;496;18
31.03.2024 4:09;496;18
31.03.2024 4:10;489;16
31.03.2024 4:11;483;18
31.03.2024 4:13;476;16
31.03.2024 4:14;470;16
31.03.2024 4:14;470;16
31.03.2024 4:15;463;17
31.03.2024 4:16;457;15
31.03.2024 4:18;451;18
31.03.2024 4:19;444;15
31.03.2024 4:19;444;15
31.03.2024 4:20;438;17
31.03.2024 4:21;432;16
31.03.2024 4:22;425;15
31.03.2024 4:24;419;15
31.03.2024 4:24;419;15
31.03.2024 4:25;413;15
31.03.2024 4:26;406;16
31.03.2024 4:27;400;16
31.03.2024 4:29;394;16
31.03.2024 4:29;394;16
31.03.2024 4:30;388;17
31.03.2024 4:31;382;14
31.03.2024 4:32;375;15
31.03.2024 4:34;368;15
31.03.2024 4:34;368;0
31.03.2024 4:35;362;0
31.03.2024 4:36;356;0
31.03.2024 4:37;350;0
31.03.2024 4:39;344;0
31.03.2024 4:40;337;0
31.03.2024 4:40;337;0
31.03.2024 4:41;331;0
31.03.2024 4:42;325;0
31.03.2024 4:44;317;0
31.03.2024 4:45;311;0
31.03.2024 4:45;311;0
31.03.2024 4:46;305;0
31.03.2024 4:47;299;0
31.03.2024 4:49;292;0
31.03.2024 4:50;286;0
31.03.2024 4:50;286;0
31.03.2024 4:51;279;0
31.03.2024 4:52;273;0
31.03.2024 4:53;267;0
31.03.2024 4:55;261;0
31.03.2024 4:55;261;0
31.03.2024 4:56;255;0
31.03.2024 4:57;248;0
31.03.2024 4:58;242;0
31.03.2024 5:00;236;0
31.03.2024 5:00;236;0
31.03.2024 5:01;229;0
31.03.2024 5:02;223;0
31.03.2024 5:03;216;0
31.03.2024 5:05;210;0
31.03.2024 5:06;204;0
31.03.2024 5:06;204;12
31.03.2024 5:07;198;16
31.03.2024 5:08;191;3
31.03.2024 5:10;184;12
31.03.2024 5:11;179;12
31.03.2024 5:11;179;11
31.03.2024 5:12;172;11
31.03.2024 5:13;166;11
31.03.2024 5:15;159;11
31.03.2024 5:16;154;12
31.03.2024 5:16;154;11
31.03.2024 5:17;147;11
31.03.2024 5:18;140;11
31.03.2024 5:19;134;12
31.03.2024 5:21;128;12
31.03.2024 5:21;128;10
31.03.2024 5:22;121;11
31.03.2024 5:23;115;11
31.03.2024 5:24;109;12
31.03.2024 5:26;102;12
31.03.2024 5:26;102;11
31.03.2024 5:27;96;11
31.03.2024 5:28;90;11
31.03.2024 5:29;83;10
31.03.2024 5:31;77;10
31.03.2024 5:32;71;12
31.03.2024 5:32;71;10
31.03.2024 5:33;64;10
31.03.2024 5:34;58;12
31.03.2024 5:36;51;11
31.03.2024 5:37;46;11
31.03.2024 5:37;46;11
31.03.2024 5:38;39;13
31.03.2024 5:39;33;12
31.03.2024 5:41;26;10
31.03.2024 5:42;20;11
31.03.2024 5:42;20;12
31.03.2024 5:43;13;12
31.03.2024 5:44;6;12
31.03.2024 5:46;1;11
31.03.2024 5:47;-4;12
31.03.2024 5:47;-4;9
31.03.2024 5:48;0;9
31.03.2024 5:49;0;10
31.03.2024 5:50;0;12
31.03.2024 5:52;0;12
31.03.2024 5:53;0;13
31.03.2024 5:54;0;10
31.03.2024 5:55;0;11
31.03.2024 5:57;0;12
31.03.2024 5:58;0;11
31.03.2024 5:59;0;11
31.03.2024 6:00;0;11
31.03.2024 6:02;0;11
31.03.2024 6:03;0;11
31.03.2024 6:04;0;11
31.03.2024 6:05;0;10
31.03.2024 6:07;0;11
31.03.2024 6:08;0;12
31.03.2024 6:09;0;12
31.03.2024 6:10;0;13
31.03.2024 6:12;0;13
31.03.2024 6:13;0;13
31.03.2024 6:14;0;12
31.03.2024 6:15;0;12
31.03.2024 6:16;0;12
31.03.2024 6:18;0;12
31.03.2024 6:19;0;12
31.03.2024 6:20;0;11
31.03.2024 6:21;0;13
31.03.2024 6:23;0;12
31.03.2024 6:24;0;11
31.03.2024 6:25;0;11
31.03.2024 6:26;0;13
31.03.2024 6:28;4;13
31.03.2024 6:29;6;11
31.03.2024 6:30;0;12
31.03.2024 6:31;5;13
31.03.2024 6:33;11;11
31.03.2024 6:34;18;11
31.03.2024 6:35;24;14
31.03.2024 6:36;31;13
31.03.2024 6:38;36;13
31.03.2024 6:39;43;13
31.03.2024 6:40;50;10
31.03.2024 6:41;56;13
31.03.2024 6:42;63;13
31.03.2024 6:44;68;18
31.03.2024 6:45;75;22
31.03.2024 6:45;75;20
31.03.2024 6:46;81;20
31.03.2024 6:47;88;20
31.03.2024 6:49;94;23
31.03.2024 6:50;100;20
31.03.2024 6:50;100;22
31.03.2024 6:51;107;18
31.03.2024 6:52;112;20
31.03.2024 6:54;119;22
31.03.2024 6:55;126;22
31.03.2024 6:56;131;19
31.03.2024 6:57;138;20
31.03.2024 6:59;145;21
31.03.2024 7:00;150;18
31.03.2024 7:01;157;19
31.03.2024 7:02;164;18
31.03.2024 7:04;170;18
31.03.2024 7:05;176;22
31.03.2024 7:06;182;21
31.03.2024 7:07;189;19
31.03.2024 7:09;195;19
31.03.2024 7:10;201;19
31.03.2024 7:11;207;19
31.03.2024 7:11;207;21
31.03.2024 7:12;214;21
31.03.2024 7:13;220;21
31.03.2024 7:15;227;19
31.03.2024 7:16;232;19
31.03.2024 7:16;232;18
31.03.2024 7:17;239;19
31.03.2024 7:18;245;17
31.03.2024 7:20;252;18
31.03.2024 7:21;258;18
31.03.2024 7:22;265;19
31.03.2024 7:23;271;19
31.03.2024 7:25;277;18
31.03.2024 7:26;284;17
31.03.2024 7:27;290;18
31.03.2024 7:28;296;18
31.03.2024 7:30;303;19
31.03.2024 7:31;309;20
31.03.2024 7:32;315;19
31.03.2024 7:33;322;20
31.03.2024 7:35;328;20
31.03.2024 7:36;334;19
31.03.2024 7:37;340;18
31.03.2024 7:37;340;18
31.03.2024 7:38;347;18
31.03.2024 7:39;353;19
31.03.2024 7:41;359;17
31.03.2024 7:42;365;16
31.03.2024 7:42;365;17
31.03.2024 7:43;371;16
31.03.2024 7:44;378;21
31.03.2024 7:46;385;18
31.03.2024 7:47;391;17
31.03.2024 7:48;397;16
31.03.2024 7:49;403;19
31.03.2024 7:51;409;18
31.03.2024 7:52;416;17
31.03.2024 7:53;422;18
31.03.2024 7:54;428;18
31.03.2024 7:56;435;16
31.03.2024 7:57;441;17
31.03.2024 7:58;447;18
31.03.2024 7:59;454;17
31.03.2024 8:01;460;17
31.03.2024 8:02;466;16
31.03.2024 8:03;472;18
31.03.2024 8:04;479;16
31.03.2024 8:06;485;17
31.03.2024 8:07;492;17
31.03.2024 8:08;498;15
31.03.2024 8:08;498;15
31.03.2024 8:09;493;18
31.03.2024 8:10;487;17
31.03.2024 8:12;480;17
31.03.2024 8:13;474;16
31.03.2024 8:13;474;16
31.03.2024 8:14;467;15
31.03.2024 8:15;461;14
31.03.2024 8:17;455;16
31.03.2024 8:18;448;15
31.03.2024 8:19;442;0
31.03.2024 8:20;436;0
31.03.2024 8:22;429;0
31.03.2024 8:23;423;0
31.03.2024 8:24;417;0
31.03.2024 8:25;410;0
31.03.2024 8:27;404;0
31.03.2024 8:28;398;0
31.03.2024 8:29;392;0
31.03.2024 8:29;392;0
31.03.2024 8:30;386;0
31.03.2024 8:32;379;0
31.03.2024 8:33;372;0
31.03.2024 8:34;366;0
31.03.2024 8:34;366;0
31.03.2024 8:35;360;0
31.03.2024 8:36;354;0
31.03.2024 8:38;348;0
31.03.2024 8:39;340;0
31.03.2024 8:39;340;0
31.03.2024 8:40;334;0
31.03.2024 8:41;328;0
31.03.2024 8:43;322;0
31.03.2024 8:44;315;0
31.03.2024 8:45;309;0
31.03.2024 8:46;303;0
31.03.2024 8:48;296;0
31.03.2024 8:49;290;0
31.03.2024 8:50;284;0
31.03.2024 8:51;277;0
31.03.2024 8:53;271;0
31.03.2024 8:54;265;0
31.03.2024 8:55;258;0
31.03.2024 8:55;258;0
31.03.2024 8:56;252;11
31.03.2024 8:58;245;12
31.03.2024 8:59;240;12
31.03.2024 9:00;233;16
31.03.2024 9:00;233;11
31.03.2024 9:01;227;10
31.03.2024 9:02;220;10
31.03.2024 9:04;214;11
31.03.2024 9:05;207;11
31.03.2024 9:05;207;11
31.03.2024 9:06;201;12
31.03.2024 9:07;195;11
31.03.2024 9:09;189;11
31.03.2024 9:10;182;11
31.03.2024 9:11;176;12
31.03.2024 9:12;169;11
31.03.2024 9:14;164;11
31.03.2024 9:15;157;11
31.03.2024 9:16;150;11
31.03.2024 9:17;145;11
31.03.2024 9:19;138;11
31.03.2024 9:20;131;12
31.03.2024 9:21;125;12
31.03.2024 9:21;125;12
31.03.2024 9:22;119;11
31.03.2024 9:24;112;12
31.03.2024 9:25;106;11
31.03.2024 9:26;100;11
31.03.2024 9:26;100;11
31.03.2024 9:27;93;12
31.03.2024 9:29;87;10
31.03.2024 9:30;81;11
31.03.2024 9:31;74;13
31.03.2024 9:31;74;13
31.03.2024 9:32;68;12
31.03.2024 9:33;62;11
31.03.2024 9:35;56;11
31.03.2024 9:36;49;12
31.03.2024 9:36;49;12
31.03.2024 9:37;42;11
31.03.2024 9:38;36;11
31.03.2024 9:40;30;10
31.03.2024 9:41;24;11
31.03.2024 9:42;17;11
31.03.2024 9:43;11;11
31.03.2024 9:45;-1;10
31.03.2024 9:46;-1;11
31.03.2024 9:47;-1;11
31.03.2024 9:48;-1;10
31.03.2024 9:50;-1;12
31.03.2024 9:51;-1;12
31.03.2024 9:52;-1;11
31.03.2024 9:53;-1;11
31.03.2024 9:55;-1;11
31.03.2024 9:56;-1;11
31.03.2024 9:57;-1;12
31.03.2024 9:58;-1;12
31.03.2024 9:59;-1;11
31.03.2024 10:01;-1;11
31.03.2024 10:02;-1;11
31.03.2024 10:03;-1;11
31.03.2024 10:04;-1;11
31.03.2024 10:06;-1;11
31.03.2024 10:07;-1;10
31.03.2024 10:08;-1;11
31.03.2024 10:09;-1;11
31.03.2024 10:11;-1;12
31.03.2024 10:12;-1;12
31.03.2024 10:13;-1;11
31.03.2024 10:14;-1;11
31.03.2024 10:16;-1;11
31.03.2024 10:17;-1;13
31.03.2024 10:18;-1;13
31.03.2024 10:19;-1;14
31.03.2024 10:21;-1;13
31.03.2024 10:22;-1;12
31.03.2024 10:23;-1;13
31.03.2024 10:24;-1;13
31.03.2024 10:26;-1;12
31.03.2024 10:27;1;11
31.03.2024 10:28;6;14
31.03.2024 10:28;6;13
31.03.2024 10:29;2;12
31.03.2024 10:30;2;12
31.03.2024 10:32;9;12
31.03.2024 10:33;15;14
31.03.2024 10:34;21;13
31.03.2024 10:35;27;11
31.03.2024 10:37;34;11
31.03.2024 10:38;40;14
31.03.2024 10:39;47;14
31.03.2024 10:39;47;12
31.03.2024 10:40;52;14
31.03.2024 10:42;59;14
31.03.2024 10:43;66;13
31.03.2024 10:44;72;12
31.03.2024 10:44;72;13
31.03.2024 10:45;79;13
31.03.2024 10:47;84;22
31.03.2024 10:48;91;20
31.03.2024 10:49;97;21
31.03.2024 10:49;97;21
31.03.2024 10:50;103;20
31.03.2024 10:51;109;22
31.03.2024 10:53;116;18
31.03.2024 10:54;122;20
31.03.2024 10:54;122;22
31.03.2024 10:55;129;22
31.03.2024 10:56;135;20
31.03.2024 10:58;141;20
31.03.2024 10:59;147;23
31.03.2024 11:00;154;20
31.03.2024 11:00;154;20
31.03.2024 11:01;160;19
31.03.2024 11:03;167;21
31.03.2024 11:04;172;22
31.03.2024 11:05;179;19
31.03.2024 11:05;179;19
31.03.2024 11:06;186;19
31.03.2024 11:08;192;20
31.03.2024 11:09;198;22
31.03.2024 11:10;204;22
31.03.2024 11:10;204;19
31.03.2024 11:11;211;19
31.03.2024 11:13;217;19
31.03.2024 11:14;224;20
31.03.2024 11:15;229;20
31.03.2024 11:15;229;21
31.03.2024 11:16;236;22
31.03.2024 11:17;242;21
31.03.2024 11:19;248;22
31.03.2024 11:20;255;22
31.03.2024 11:20;255;21
31.03.2024 11:21;261;21
31.03.2024 11:22;268;23
31.03.2024 11:24;274;21
31.03.2024 11:25;281;21
31.03.2024 11:26;286;21
31.03.2024 11:26;286;20
31.03.2024 11:27;292;23
31.03.2024 11:29;299;22
31.03.2024 11:30;305;22
31.03.2024 11:31;311;22
31.03.2024 11:31;311;20
31.03.2024 11:32;317;19
31.03.2024 11:34;324;20
31.03.2024 11:35;331;20
31.03.2024 11:36;336;19
31.03.2024 11:36;336;19
31.03.2024 11:37;344;20
31.03.2024 11:39;350;21
31.03.2024 11:40;356;21
31.03.2024 11:41;362;19
31.03.2024 11:41;362;20
31.03.2024 11:42;368;18
31.03.2024 11:44;375;19
31.03.2024 11:45;381;20
31.03.2024 11:46;387;20
31.03.2024 11:46;387;19
31.03.2024 11:47;394;20
31.03.2024 11:48;400;18
31.03.2024 11:50;406;20
31.03.2024 11:51;412;20
31.03.2024 11:52;419;19
31.03.2024 11:52;419;17
31.03.2024 11:53;425;18
31.03.2024 11:55;431;17
31.03.2024 11:56;437;17
31.03.2024 11:57;444;17
31.03.2024 11:57;444;19
31.03.2024 11:58;450;19
31.03.2024 12:00;456;17
31.03.2024 12:01;463;17
31.03.2024 12:02;469;20
31.03.2024 12:02;469;18
31.03.2024 12:03;475;17
31.03.2024 12:05;482;20
31.03.2024 12:06;488;17
31.03.2024 12:07;495;17
31.03.2024 12:07;495;18
31.03.2024 12:08;497;17
31.03.2024 12:10;490;18
31.03.2024 12:11;484;18
31.03.2024 12:12;477;16
31.03.2024 12:12;477;18
31.03.2024 12:13;471;17
31.03.2024 12:14;464;18
31.03.2024 12:16;458;18
31.03.2024 12:17;452;16
31.03.2024 12:18;445;17
31.03.2024 12:18;445;16
31.03.2024 12:19;439;18
31.03.2024 12:21;433;18
31.03.2024 12:22;426;0
31.03.2024 12:23;420;0
31.03.2024 12:23;420;0
31.03.2024 12:24;414;0
31.03.2024 12:26;408;0
31.03.2024 12:27;401;0
31.03.2024 12:28;395;0
31.03.2024 12:28;395;0
31.03.2024 12:29;389;0
31.03.2024 12:31;383;0
31.03.2024 12:32;376;0
31.03.2024 12:33;369;0
31.03.2024 12:33;369;0
31.03.2024 12:34;363;0
31.03.2024 12:36;357;0
31.03.2024 12:37;351;0
31.03.2024 12:38;345;0
31.03.2024 12:39;338;0
31.03.2024 12:39;338;0
31.03.2024 12:41;332;0
31.03.2024 12:42;326;0
31.03.2024 12:43;320;0
31.03.2024 12:44;312;0
31.03.2024 12:44;312;0
31.03.2024 12:45;306;0
31.03.2024 12:47;300;0
31.03.2024 12:48;293;0
31.03.2024 12:49;287;0
31.03.2024 12:49;287;0
31.03.2024 12:50;281;0
31.03.2024 12:52;274;0
31.03.2024 12:53;268;0
31.03.2024 12:54;262;11
31.03.2024 12:54;262;16
31.03.2024 12:55;256;16
31.03.2024 12:57;250;17
31.03.2024 12:58;243;12
31.03.2024 12:59;237;11
31.03.2024 12:59;237;12
31.03.2024 13:00;230;12
31.03.2024 13:02;224;11
31.03.2024 13:03;217;11
31.03.2024 13:04;211;11
31.03.2024 13:04;211;11
31.03.2024 13:05;205;11
31.03.2024 13:07;199;11
31.03.2024 13:08;192;12
31.03.2024 13:09;186;11
31.03.2024 13:10;179;12
31.03.2024 13:10;179;12
31.03.2024 13:11;173;12
31.03.2024 13:13;167;11
31.03.2024 13:14;160;13
31.03.2024 13:15;154;10
31.03.2024 13:15;154;11
31.03.2024 13:16;148;11
31.03.2024 13:18;141;11
31.03.2024 13:19;135;11
31.03.2024 13:20;129;12
31.03.2024 13:20;129;12
31.03.2024 13:21;122;11
31.03.2024 13:23;116;12
31.03.2024 13:24;110;10
31.03.2024 13:25;103;11
31.03.2024 13:25;103;11
31.03.2024 13:26;97;12
31.03.2024 13:28;91;12
31.03.2024 13:29;84;10
31.03.2024 13:30;77;11
31.03.2024 13:31;72;11
31.03.2024 13:31;72;12
31.03.2024 13:33;65;12
31.03.2024 13:34;59;11
31.03.2024 13:35;52;11
31.03.2024 13:36;47;12
31.03.2024 13:36;47;12
31.03.2024 13:37;40;12
31.03.2024 13:39;34;11
31.03.2024 13:40;27;11
31.03.2024 13:41;20;11
31.03.2024 13:41;20;13
31.03.2024 13:42;15;13
31.03.2024 13:44;8;12
31.03.2024 13:45;2;12
31.03.2024 13:46;-4;12
31.03.2024 13:46;-4;12
31.03.2024 13:47;0;13
31.03.2024 13:49;0;11
31.03.2024 13:50;0;11
31.03.2024 13:51;0;11
31.03.2024 13:52;0;10
31.03.2024 13:54;0;12
31.03.2024 13:55;0;11
31.03.2024 13:56;0;12
31.03.2024 13:57;0;12
31.03.2024 13:59;0;11
31.03.2024 14:00;0;11
31.03.2024 14:01;0;11
31.03.2024 14:02;0;12
31.03.2024 14:03;0;12
31.03.2024 14:05;0;11
31.03.2024 14:06;0;13
31.03.2024 14:07;0;12
31.03.2024 14:08;0;13
31.03.2024 14:10;0;14
31.03.2024 14:11;0;14
31.03.2024 14:12;0;13
31.03.2024 14:13;0;12
31.03.2024 14:15;0;13
31.03.2024 14:16;0;13
31.03.2024 14:17;0;13
31.03.2024 14:18;0;14
31.03.2024 14:20;0;12
31.03.2024 14:21;0;12
31.03.2024 14:22;0;13
31.03.2024 14:23;0;14
31.03.2024 14:25;0;13
31.03.2024 14:26;0;12
31.03.2024 14:27;2;12
31.03.2024 14:28;9;14
31.03.2024 14:28;9;14
31.03.2024 14:30;2;12
31.03.2024 14:31;3;12
31.03.2024 14:32;10;14
31.03.2024 14:33;16;14
31.03.2024 14:33;16;12
31.03.2024 14:34;23;14
31.03.2024 14:36;28;12
31.03.2024 14:37;35;12
31.03.2024 14:38;41;12
31.03.2024 14:38;41;23
31.03.2024 14:39;48;22
31.03.2024 14:41;54;24
31.03.2024 14:42;60;21
31.03.2024 14:43;66;21
31.03.2024 14:44;73;22
31.03.2024 14:44;73;21
31.03.2024 14:46;80;24
31.03.2024 14:47;85;24
31.03.2024 14:48;92;20
31.03.2024 14:49;98;23
31.03.2024 14:49;98;20
31.03.2024 14:51;105;20
31.03.2024 14:52;111;20
31.03.2024 14:53;117;22
31.03.2024 14:54;124;24
31.03.2024 14:54;124;21
31.03.2024 14:56;130;19
31.03.2024 14:57;136;19
31.03.2024 14:58;143;20
31.03.2024 14:59;149;23
31.03.2024 14:59;149;24
31.03.2024 15:00;155;21
31.03.2024 15:02;161;21
31.03.2024 15:03;168;20
31.03.2024 15:04;175;20
31.03.2024 15:04;175;22
31.03.2024 15:05;180;25
31.03.2024 15:07;187;25
31.03.2024 15:08;193;24
31.03.2024 15:09;199;24
31.03.2024 15:09;199;22
31.03.2024 15:10;205;22
31.03.2024 15:12;212;24
31.03.2024 15:13;218;20
31.03.2024 15:14;225;20
31.03.2024 15:15;231;20
31.03.2024 15:15;231;20
31.03.2024 15:17;237;20
31.03.2024 15:18;243;21
31.03.2024 15:19;250;22
31.03.2024 15:20;256;21
31.03.2024 15:20;256;21
31.03.2024 15:22;262;23
31.03.2024 15:23;269;24
31.03.2024 15:24;275;23
31.03.2024 15:25;282;20
31.03.2024 15:25;282;20
31.03.2024 15:27;288;20
31.03.2024 15:28;294;19
31.03.2024 15:29;301;22
31.03.2024 15:30;307;22
31.03.2024 15:30;307;23
31.03.2024 15:31;313;20
31.03.2024 15:33;320;19
31.03.2024 15:34;326;20
31.03.2024 15:35;332;22
31.03.2024 15:35;332;19
31.03.2024 15:36;338;19
31.03.2024 15:38;345;19
31.03.2024 15:39;351;21
31.03.2024 15:40;357;18
31.03.2024 15:41;363;19
31.03.2024 15:41;363;21
31.03.2024 15:43;369;18
31.03.2024 15:44;376;17
31.03.2024 15:45;383;20
31.03.2024 15:46;389;17
31.03.2024 15:46;389;17
31.03.2024 15:48;395;20
31.03.2024 15:49;401;18
31.03.2024 15:50;407;19
31.03.2024 15:51;414;17
31.03.2024 15:51;414;17
31.03.2024 15:52;420;19
31.03.2024 15:54;426;17
31.03.2024 15:55;432;19
31.03.2024 15:56;439;17
31.03.2024 15:56;439;18
31.03.2024 15:57;445;16
31.03.2024 15:59;451;17
31.03.2024 16:00;458;17
31.03.2024 16:01;464;17
31.03.2024 16:02;470;17
31.03.2024 16:02;470;0
31.03.2024 16:04;477;0
31.03.2024 16:05;483;0
31.03.2024 16:06;489;0
31.03.2024 16:07;496;0
31.03.2024 16:07;496;0
31.03.2024 16:09;495;0
31.03.2024 16:10;489;0
31.03.2024 16:11;482;0
31.03.2024 16:12;476;0
31.03.2024 16:12;476;0
31.03.2024 16:14;470;0
31.03.2024 16:15;463;0
31.03.2024 16:16;457;0
31.03.2024 16:17;450;0
31.03.2024 16:17;450;0
31.03.2024 16:19;444;0
31.03.2024 16:20;438;0
31.03.2024 16:21;431;0
31.03.2024 16:22;425;0
31.03.2024 16:23;419;0
31.03.2024 16:23;419;0
31.03.2024 16:25;413;0
31.03.2024 16:26;406;0
31.03.2024 16:27;400;0
31.03.2024 16:28;394;0
31.03.2024 16:28;394;0
31.03.2024 16:30;388;0
31.03.2024 16:31;382;0
31.03.2024 16:32;375;0
31.03.2024 16:33;368;0
31.03.2024 16:33;368;0
31.03.2024 16:35;362;0
31.03.2024 16:36;356;0
31.03.2024 16:37;350;12
31.03.2024 16:38;344;15
31.03.2024 16:38;344;17
31.03.2024 16:40;337;12
31.03.2024 16:41;330;11
31.03.2024 16:42;324;11
31.03.2024 16:43;317;11
31.03.2024 16:43;317;12
31.03.2024 16:44;311;11
31.03.2024 16:46;305;12
31.03.2024 16:47;299;12
31.03.2024 16:48;292;12
31.03.2024 16:49;286;12
31.03.2024 16:49;286;11
31.03.2024 16:51;279;12
31.03.2024 16:52;273;12
31.03.2024 16:53;267;11
31.03.2024 16:54;260;13
31.03.2024 16:56;254;10
31.03.2024 16:57;247;11
31.03.2024 16:58;242;13
31.03.2024 16:59;236;12
31.03.2024 17:01;229;12
31.03.2024 17:02;223;12
31.03.2024 17:03;216;11
31.03.2024 17:04;210;12
31.03.2024 17:06;203;12
31.03.2024 17:07;198;12
31.03.2024 17:08;191;12
31.03.2024 17:09;184;11
31.03.2024 17:11;178;11
31.03.2024 17:12;171;11
31.03.2024 17:13;166;12
31.03.2024 17:14;159;12
31.03.2024 17:15;153;11
31.03.2024 17:15;153;11
31.03.2024 17:17;147;12
31.03.2024 17:18;140;12
31.03.2024 17:19;134;11
31.03.2024 17:20;128;12
31.03.2024 17:22;121;11
31.03.2024 17:23;115;12
31.03.2024 17:24;109;12
31.03.2024 17:25;102;13
31.03.2024 17:27;96;12
31.03.2024 17:28;90;11
31.03.2024 17:29;83;10
31.03.2024 17:30;76;11
31.03.2024 17:32;71;11
31.03.2024 17:33;64;11
31.03.2024 17:34;58;11
31.03.2024 17:35;51;12
31.03.2024 17:37;44;11
31.03.2024 17:38;39;11
31.03.2024 17:39;32;10
31.03.2024 17:40;26;11
31.03.2024 17:41;19;10
31.03.2024 17:41;19;12
31.03.2024 17:43;13;12
31.03.2024 17:44;6;12
31.03.2024 17:45;0;11
31.03.2024 17:46;0;11
31.03.2024 17:48;0;13
31.03.2024 17:49;0;12
31.03.2024 17:50;0;11
31.03.2024 17:51;0;13
31.03.2024 17:53;0;12
31.03.2024 17:54;0;12
31.03.2024 17:55;0;12
31.03.2024 17:56;0;14
31.03.2024 17:58;0;13
31.03.2024 17:59;0;12
31.03.2024 18:00;0;12
31.03.2024 18:01;0;11
31.03.2024 18:03;0;13
31.03.2024 18:04;0;13
31.03.2024 18:05;0;12
31.03.2024 18:06;0;12
31.03.2024 18:08;0;12
31.03.2024 18:09;0;14
31.03.2024 18:10;0;12
31.03.2024 18:11;0;12
31.03.2024 18:12;0;13
31.03.2024 18:14;0;12
31.03.2024 18:15;0;12
31.03.2024 18:16;0;12
31.03.2024 18:17;0;12
31.03.2024 18:19;0;24
31.03.2024 18:20;0;20
31.03.2024 18:21;0;22
31.03.2024 18:22;0;21
31.03.2024 18:24;0;21
31.03.2024 18:25;0;21
31.03.2024 18:26;0;22
31.03.2024 18:27;3;20
31.03.2024 18:29;8;22
31.03.2024 18:30;2;22
31.03.2024 18:31;3;21
31.03.2024 18:32;10;20
31.03.2024 18:34;16;20
31.03.2024 18:34;16;22
31.03.2024 18:35;23;22
31.03.2024 18:36;28;21
31.03.2024 18:37;35;19
31.03.2024 18:38;41;23
31.03.2024 18:38;41;21
31.03.2024 18:40;48;21
31.03.2024 18:41;54;19
31.03.2024 18:42;60;20
31.03.2024 18:43;66;21
31.03.2024 18:45;73;21
31.03.2024 18:46;79;21
31.03.2024 18:47;85;20
31.03.2024 18:48;92;19
31.03.2024 18:50;98;18
31.03.2024 18:51;105;19
31.03.2024 18:52;111;20
31.03.2024 18:53;117;20
31.03.2024 18:55;124;21
31.03.2024 18:56;129;22
31.03.2024 18:57;136;23
31.03.2024 18:58;143;21
31.03.2024 19:00;148;21
31.03.2024 19:00;148;22
31.03.2024 19:01;155;21
31.03.2024 19:02;161;22
31.03.2024 19:03;168;22
31.03.2024 19:04;173;22
31.03.2024 19:05;173;21
31.03.2024 19:06;180;21
31.03.2024 19:07;187;21
31.03.2024 19:08;193;21
31.03.2024 19:09;199;22
31.03.2024 19:09;199;21
31.03.2024 19:11;205;18
31.03.2024 19:12;212;18
31.03.2024 19:13;218;20
31.03.2024 19:14;225;17
31.03.2024 19:16;230;18
31.03.2024 19:17;237;21
31.03.2024 19:18;243;20
31.03.2024 19:19;250;20
31.03.2024 19:21;256;19
31.03.2024 19:22;262;19
31.03.2024 19:23;269;18
31.03.2024 19:24;275;17
31.03.2024 19:26;281;17
31.03.2024 19:26;281;20
31.03.2024 19:27;287;20
31.03.2024 19:28;293;18
31.03.2024 19:29;300;18
31.03.2024 19:31;306;21
31.03.2024 19:31;306;18
31.03.2024 19:32;312;18
31.03.2024 19:33;320;17
31.03.2024 19:34;325;17
31.03.2024 19:35;332;19
31.03.2024 19:35;332;16
31.03.2024 19:37;338;18
31.03.2024 19:38;345;19
31.03.2024 19:39;351;19
31.03.2024 19:40;357;16
31.03.2024 19:42;363;18
31.03.2024 19:43;369;17
31.03.2024 19:44;376;15
31.03.2024 19:45;382;18
31.03.2024 19:47;388;18
31.03.2024 19:48;395;16
31.03.2024 19:49;401;16
31.03.2024 19:50;407;18
31.03.2024 19:52;413;15
31.03.2024 19:52;413;15
31.03.2024 19:53;420;18
31.03.2024 19:54;426;17
31.03.2024 19:55;432;17
31.03.2024 19:57;439;16
31.03.2024 19:57;439;16
31.03.2024 19:58;445;17
31.03.2024 19:59;451;16
31.03.2024 20:00;458;17
31.03.2024 20:01;464;15
31.03.2024 20:01;464;15
31.03.2024 20:03;470;0
31.03.2024 20:04;477;0
31.03.2024 20:05;483;0
31.03.2024 20:06;489;0
31.03.2024 20:08;496;0
31.03.2024 20:09;495;0
31.03.2024 20:10;489;0
31.03.2024 20:11;483;0
31.03.2024 20:13;476;0
31.03.2024 20:13;476;0
31.03.2024 20:14;470;0
31.03.2024 20:15;463;0
31.03.2024 20:16;457;0
31.03.2024 20:18;451;0
31.03.2024 20:18;451;0
31.03.2024 20:19;444;0
31.03.2024 20:20;438;0
31.03.2024 20:21;432;0
31.03.2024 20:23;425;0
31.03.2024 20:23;425;0
31.03.2024 20:24;419;0
31.03.2024 20:25;413;0
31.03.2024 20:26;407;0
31.03.2024 20:27;400;0
31.03.2024 20:27;400;0
31.03.2024 20:29;394;0
31.03.2024 20:30;388;0
31.03.2024 20:31;382;0
31.03.2024 20:32;375;0
31.03.2024 20:32;375;0
31.03.2024 20:34;368;0
31.03.2024 20:35;362;0
31.03.2024 20:36;356;0
31.03.2024 20:37;350;0
31.03.2024 20:39;344;11
31.03.2024 20:39;344;11
31.03.2024 20:40;337;17
31.03.2024 20:41;331;11
31.03.2024 20:42;325;12
31.03.2024 20:44;317;12
31.03.2024 20:44;317;11
31.03.2024 20:45;311;10
31.03.2024 20:46;305;11
31.03.2024 20:47;299;11
31.03.2024 20:49;292;12
31.03.2024 20:49;292;12
31.03.2024 20:50;286;11
31.03.2024 20:51;279;12
31.03.2024 20:52;273;12
31.03.2024 20:53;267;10
31.03.2024 20:54;267;11
31.03.2024 20:55;260;10
31.03.2024 20:56;255;12
31.03.2024 20:57;248;12
31.03.2024 20:58;242;12
31.03.2024 20:58;242;12
31.03.2024 21:00;236;11
31.03.2024 21:01;229;11
31.03.2024 21:02;223;12
31.03.2024 21:03;216;12
31.03.2024 21:05;210;11
31.03.2024 21:05;210;12
31.03.2024 21:06;204;11
31.03.2024 21:07;198;11
31.03.2024 21:08;191;11
31.03.2024 21:10;184;13
31.03.2024 21:10;184;12
31.03.2024 21:11;178;10
31.03.2024 21:12;172;10
31.03.2024 21:13;166;11
31.03.2024 21:15;159;11
31.03.2024 21:15;159;11
31.03.2024 21:16;153;11
31.03.2024 21:17;147;11
31.03.2024 21:18;140;12
31.03.2024 21:20;134;14
31.03.2024 21:20;134;11
31.03.2024 21:21;128;11
31.03.2024 21:22;121;11
31.03.2024 21:23;115;10
31.03.2024 21:24;109;12
31.03.2024 21:24;109;14
31.03.2024 21:26;102;13
31.03.2024 21:27;96;13
31.03.2024 21:28;90;12
31.03.2024 21:29;83;10
31.03.2024 21:31;76;12
31.03.2024 21:31;76;12
31.03.2024 21:32;71;10
31.03.2024 21:33;64;11
31.03.2024 21:34;58;11
31.03.2024 21:36;51;10
31.03.2024 21:36;51;10
31.03.2024 21:37;46;12
31.03.2024 21:38;39;11
31.03.2024 21:39;32;11
31.03.2024 21:41;26;11
31.03.2024 21:41;26;11
31.03.2024 21:42;19;10
31.03.2024 21:43;13;13
31.03.2024 21:44;6;12
31.03.2024 21:46;1;12
31.03.2024 21:46;1;12
31.03.2024 21:47;0;13
31.03.2024 21:48;0;13
31.03.2024 21:49;0;12
31.03.2024 21:50;0;10
31.03.2024 21:52;0;10
31.03.2024 21:53;0;12
31.03.2024 21:54;0;13
31.03.2024 21:55;0;14
31.03.2024 21:55;0;12
31.03.2024 21:57;0;12
31.03.2024 21:58;0;12
31.03.2024 21:59;0;13
31.03.2024 22:00;0;13
31.03.2024 22:02;0;12
31.03.2024 22:03;0;12
31.03.2024 22:04;0;12
31.03.2024 22:05;0;14
31.03.2024 22:07;0;12
31.03.2024 22:08;0;12
31.03.2024 22:09;0;14
31.03.2024 22:10;0;12
31.03.2024 22:12;0;13
31.03.2024 22:13;0;14
31.03.2024 22:14;0;13
31.03.2024 22:15;0;13
31.03.2024 22:17;0;13
31.03.2024 22:18;0;20
31.03.2024 22:19;0;22
31.03.2024 22:20;0;20
31.03.2024 22:22;0;20
31.03.2024 22:23;0;21
31.03.2024 22:24;0;22
31.03.2024 22:25;0;19
31.03.2024 22:26;0;23
31.03.2024 22:28;5;23
31.03.2024 22:28;5;19
31.03.2024 22:29;6;20
31.03.2024 22:30;0;21
31.03.2024 22:31;5;19
31.03.2024 22:33;12;19
31.03.2024 22:33;12;18
31.03.2024 22:34;18;20
31.03.2024 22:35;25;21
31.03.2024 22:36;31;20
31.03.2024 22:38;38;20
31.03.2024 22:38;38;19
31.03.2024 22:39;43;21
31.03.2024 22:40;50;20
31.03.2024 22:41;56;20
31.03.2024 22:43;63;20
31.03.2024 22:43;63;19
31.03.2024 22:44;68;20
31.03.2024 22:45;75;21
31.03.2024 22:46;81;21
31.03.2024 22:47;88;21
31.03.2024 22:49;94;18
31.03.2024 22:49;94;19
31.03.2024 22:50;100;19
31.03.2024 22:51;107;18
31.03.2024 22:52;112;19
31.03.2024 22:54;119;19
31.03.2024 22:54;119;18
31.03.2024 22:55;126;18
31.03.2024 22:56;131;18
31.03.2024 22:57;138;20
31.03.2024 22:59;145;19
31.03.2024 22:59;145;20
31.03.2024 23:00;150;20
31.03.2024 23:01;157;20
31.03.2024 23:02;164;19
31.03.2024 23:04;170;19
31.03.2024 23:04;170;21
31.03.2024 23:05;176;22
31.03.2024 23:06;182;22
31.03.2024 23:07;189;21
31.03.2024 23:09;195;18
31.03.2024 23:09;195;19
31.03.2024 23:10;201;19
31.03.2024 23:11;207;19
31.03.2024 23:12;214;19
31.03.2024 23:14;220;19
31.03.2024 23:15;227;21
31.03.2024 23:15;227;19
31.03.2024 23:16;233;19
31.03.2024 23:17;239;19
31.03.2024 23:18;245;19
31.03.2024 23:20;252;20
31.03.2024 23:20;252;20
31.03.2024 23:21;258;20
31.03.2024 23:22;265;18
31.03.2024 23:23;271;16
31.03.2024 23:25;277;21
31.03.2024 23:25;277;18
31.03.2024 23:26;284;18
31.03.2024 23:27;290;16
31.03.2024 23:28;296;19
31.03.2024 23:30;303;17
31.03.2024 23:30;303;16
31.03.2024 23:31;309;16
31.03.2024 23:32;315;19
31.03.2024 23:33;322;18
31.03.2024 23:35;328;17
31.03.2024 23:35;328;18
31.03.2024 23:36;334;18
31.03.2024 23:37;340;17
31.03.2024 23:38;347;18
31.03.2024 23:40;353;16
31.03.2024 23:41;359;16
31.03.2024 23:41;359;16
31.03.2024 23:42;365;15
31.03.2024 23:43;371;16
31.03.2024 23:44;378;15
31.03.2024 23:46;385;16
31.03.2024 23:46;385;16
31.03.2024 23:47;391;16
31.03.2024 23:48;397;17
31.03.2024 23:49;403;0
31.03.2024 23:51;409;0
31.03.2024 23:51;409;0
31.03.2024 23:52;416;0
31.03.2024 23:53;422;0
31.03.2024 23:54;428;0
31.03.2024 23:56;434;0
31.03.2024 23:56;434;0
31.03.2024 23:57;441;0
31.03.2024 23:58;447;0
31.03.2024 23:59;453;0
01.04.2024 0:01;460;0
01.04.2024 0:01;460;0
01.04.2024 0:02;466;0
01.04.2024 0:03;472;0
01.04.2024 0:04;479;0
01.04.2024 0:06;485;0
01.04.2024 0:07;492;0
01.04.2024 0:07;492;0
01.04.2024 0:08;498;0
01.04.2024 0:09;493;0
01.04.2024 0:10;487;0
01.04.2024 0:12;480;0
01.04.2024 0:12;480;0
01.04.2024 0:13;474;0
01.04.2024 0:14;467;0
01.04.2024 0:15;461;0
01.04.2024 0:17;455;0
01.04.2024 0:17;455;0
01.04.2024 0:18;448;0
01.04.2024 0:19;442;0
01.04.2024 0:20;436;0
01.04.2024 0:22;429;0
01.04.2024 0:22;429;0
01.04.2024 0:23;423;0
01.04.2024 0:24;417;12
01.04.2024 0:25;410;10
01.04.2024 0:27;404;10
01.04.2024 0:27;404;15
01.04.2024 0:28;398;11
01.04.2024 0:29;392;10
01.04.2024 0:30;385;11
01.04.2024 0:32;379;11
01.04.2024 0:33;372;11
01.04.2024 0:33;372;10
01.04.2024 0:34;366;12
01.04.2024 0:35;360;12
01.04.2024 0:37;354;11
01.04.2024 0:38;347;11
01.04.2024 0:38;347;11
01.04.2024 0:39;340;11
01.04.2024 0:40;334;10
01.04.2024 0:41;328;13
01.04.2024 0:43;322;11
01.04.2024 0:43;322;11
01.04.2024 0:44;315;11
01.04.2024 0:45;309;11
01.04.2024 0:46;303;11
01.04.2024 0:48;296;10
01.04.2024 0:48;296;11
01.04.2024 0:49;290;11
01.04.2024 0:50;284;13
01.04.2024 0:51;277;11
01.04.2024 0:53;271;11
01.04.2024 0:53;271;11
01.04.2024 0:54;265;11
01.04.2024 0:55;258;11
01.04.2024 0:56;252;12
01.04.2024 0:58;245;12
01.04.2024 0:59;239;12
01.04.2024 0:59;239;11
01.04.2024 1:00;233;11
01.04.2024 1:01;227;13
01.04.2024 1:03;220;13
01.04.2024 1:04;214;13
01.04.2024 1:04;214;10
01.04.2024 1:05;207;10
01.04.2024 1:06;201;12
01.04.2024 1:08;194;11
01.04.2024 1:09;189;11
01.04.2024 1:09;189;12
01.04.2024 1:10;182;10
01.04.2024 1:11;176;12
01.04.2024 1:12;169;10
01.04.2024 1:14;164;10
01.04.2024 1:14;164;11
01.04.2024 1:16;151;11
01.04.2024 1:17;145;13
01.04.2024 1:18;139;11
01.04.2024 1:20;133;11
01.04.2024 1:20;133;11
01.04.2024 1:21;126;13
01.04.2024 1:22;119;12
01.04.2024 1:23;114;12
01.04.2024 1:25;107;11
01.04.2024 1:25;107;11
01.04.2024 1:26;101;12
01.04.2024 1:27;94;11
01.04.2024 1:28;88;12
01.04.2024 1:30;82;12
01.04.2024 1:30;82;11
01.04.2024 1:31;75;10
01.04.2024 1:32;68;11
01.04.2024 1:33;63;11
01.04.2024 1:35;56;12
01.04.2024 1:36;50;12
01.04.2024 1:36;50;13
01.04.2024 1:37;43;13
01.04.2024 1:38;38;12
01.04.2024 1:40;31;10
01.04.2024 1:41;25;13
01.04.2024 1:41;25;13
01.04.2024 1:42;18;12
01.04.2024 1:43;12;12
01.04.2024 1:45;0;11
01.04.2024 1:45;0;13
01.04.2024 1:46;0;11
01.04.2024 1:47;0;12
01.04.2024 1:48;0;13
01.04.2024 1:49;0;13
01.04.2024 1:51;0;11
01.04.2024 1:52;0;13
01.04.2024 1:53;0;12
01.04.2024 1:54;0;13
01.04.2024 1:56;0;12
01.04.2024 1:57;0;12
01.04.2024 1:58;0;19
01.04.2024 1:59;0;22
01.04.2024 2:01;0;20
01.04.2024 2:02;0;20
01.04.2024 2:03;0;20
01.04.2024 2:04;0;19
01.04.2024 2:06;0;21
01.04.2024 2:07;0;20
01.04.2024 2:08;0;21
01.04.2024 2:09;0;21
01.04.2024 2:11;0;19
01.04.2024 2:12;0;20
01.04.2024 2:13;0;21
01.04.2024 2:14;0;19
01.04.2024 2:15;0;20
01.04.2024 2:17;0;20
01.04.2024 2:18;0;20
01.04.2024 2:19;0;20
01.04.2024 2:20;0;19
01.04.2024 2:22;0;19
01.04.2024 2:23;0;19
01.04.2024 2:24;0;21
01.04.2024 2:25;0;19
01.04.2024 2:28;6;19
01.04.2024 2:28;6;18
01.04.2024 2:29;5;18
01.04.2024 2:30;1;19
01.04.2024 2:32;6;18
01.04.2024 2:33;13;18
01.04.2024 2:33;13;19
01.04.2024 2:34;19;20
01.04.2024 2:35;26;19
01.04.2024 2:37;32;20
01.04.2024 2:38;39;20
01.04.2024 2:38;39;22
01.04.2024 2:39;44;20
01.04.2024 2:40;51;21
01.04.2024 2:41;57;18
01.04.2024 2:43;64;19
01.04.2024 2:43;64;19
01.04.2024 2:44;71;19
01.04.2024 2:45;76;19
01.04.2024 2:46;83;18
01.04.2024 2:48;89;18
01.04.2024 2:49;96;20
01.04.2024 2:49;96;22
01.04.2024 2:50;102;22
01.04.2024 2:51;108;18
01.04.2024 2:53;115;20
01.04.2024 2:54;120;20
01.04.2024 2:54;120;19
01.04.2024 2:55;127;19
01.04.2024 2:56;134;18
01.04.2024 2:58;139;19
01.04.2024 2:59;146;18
01.04.2024 2:59;146;21
01.04.2024 3:00;153;19
01.04.2024 3:01;159;18
01.04.2024 3:03;165;18
01.04.2024 3:04;171;19
01.04.2024 3:04;171;17
01.04.2024 3:05;178;17
01.04.2024 3:06;184;17
01.04.2024 3:07;190;18
01.04.2024 3:09;197;17
01.04.2024 3:09;197;16
01.04.2024 3:10;203;16
01.04.2024 3:11;210;18
01.04.2024 3:12;215;17
01.04.2024 3:14;222;17
01.04.2024 3:15;228;19
01.04.2024 3:15;228;19
01.04.2024 3:16;234;17
01.04.2024 3:17;241;17
01.04.2024 3:19;247;18
01.04.2024 3:20;254;15
01.04.2024 3:20;254;17
01.04.2024 3:21;259;15
01.04.2024 3:22;266;16
01.04.2024 3:24;272;16
01.04.2024 3:25;278;16
01.04.2024 3:25;278;15
01.04.2024 3:26;285;17
01.04.2024 3:27;291;16
01.04.2024 3:29;297;0
01.04.2024 3:30;304;0
01.04.2024 3:31;310;0
01.04.2024 3:32;316;0
01.04.2024 3:34;323;0
01.04.2024 3:35;329;0
01.04.2024 3:36;335;0
01.04.2024 3:37;341;0
01.04.2024 3:38;348;0
01.04.2024 3:40;354;0
01.04.2024 3:41;361;0
01.04.2024 3:41;361;0
01.04.2024 3:42;367;0
01.04.2024 3:43;373;0
01.04.2024 3:45;380;0
01.04.2024 3:46;386;0
01.04.2024 3:47;392;0
01.04.2024 3:48;399;0
01.04.2024 3:50;405;0
01.04.2024 3:51;411;0
01.04.2024 3:52;417;0
01.04.2024 3:53;424;0
01.04.2024 3:55;430;0
01.04.2024 3:56;436;0
01.04.2024 3:57;442;0
01.04.2024 3:58;449;0
01.04.2024 4:00;455;0
01.04.2024 4:01;461;0
01.04.2024 4:02;468;0
01.04.2024 4:03;474;0
01.04.2024 4:05;480;0
01.04.2024 4:06;487;0
01.04.2024 4:07;493;0
01.04.2024 4:07;493;10
01.04.2024 4:08;498;12
01.04.2024 4:09;491;15
01.04.2024 4:11;485;12
01.04.2024 4:12;479;11
01.04.2024 4:13;472;12
01.04.2024 4:14;466;10
01.04.2024 4:16;459;11
01.04.2024 4:17;453;11
01.04.2024 4:18;447;11
01.04.2024 4:19;440;11
01.04.2024 4:21;434;11
01.04.2024 4:22;428;10
01.04.2024 4:23;421;10
01.04.2024 4:24;415;11
01.04.2024 4:26;409;11
01.04.2024 4:27;403;11
01.04.2024 4:28;396;10
01.04.2024 4:29;390;10
01.04.2024 4:31;384;11
01.04.2024 4:32;378;11
01.04.2024 4:33;371;11
01.04.2024 4:33;371;11
01.04.2024 4:34;364;11
01.04.2024 4:35;358;11
01.04.2024 4:37;352;11
01.04.2024 4:38;346;12
01.04.2024 4:38;346;11
01.04.2024 4:39;339;10
01.04.2024 4:40;333;12
01.04.2024 4:42;327;12
01.04.2024 4:43;321;10
01.04.2024 4:44;314;11
01.04.2024 4:45;308;11
01.04.2024 4:47;302;11
01.04.2024 4:48;294;11
01.04.2024 4:49;288;11
01.04.2024 4:50;282;11
01.04.2024 4:52;276;11
01.04.2024 4:53;269;11
01.04.2024 4:54;263;11
01.04.2024 4:55;257;9
01.04.2024 4:57;251;9
01.04.2024 4:58;244;11
01.04.2024 4:59;238;11
01.04.2024 4:59;238;12
01.04.2024 5:00;231;13
01.04.2024 5:01;225;13
01.04.2024 5:03;219;11
01.04.2024 5:04;213;12
01.04.2024 5:05;206;11
01.04.2024 5:06;200;10
01.04.2024 5:08;193;10
01.04.2024 5:09;188;11
01.04.2024 5:10;181;10
01.04.2024 5:11;175;11
01.04.2024 5:13;168;11
01.04.2024 5:14;162;11
01.04.2024 5:15;156;10
01.04.2024 5:16;149;11
01.04.2024 5:18;143;11
01.04.2024 5:19;136;12
01.04.2024 5:20;130;12
01.04.2024 5:20;130;11
01.04.2024 5:21;124;11
01.04.2024 5:23;117;12
01.04.2024 5:24;111;12
01.04.2024 5:25;105;13
01.04.2024 5:25;105;14
01.04.2024 5:26;99;11
01.04.2024 5:28;92;11
01.04.2024 5:29;85;12
01.04.2024 5:30;80;12
01.04.2024 5:30;80;13
01.04.2024 5:31;73;12
01.04.2024 5:32;66;12
01.04.2024 5:34;60;11
01.04.2024 5:35;54;12
01.04.2024 5:36;48;13
01.04.2024 5:37;41;12
01.04.2024 5:39;35;12
01.04.2024 5:40;28;13
01.04.2024 5:41;23;14
01.04.2024 5:42;16;12
01.04.2024 5:44;9;13
01.04.2024 5:45;3;13
01.04.2024 5:46;0;14
01.04.2024 5:47;0;12
01.04.2024 5:49;0;14
01.04.2024 5:50;0;12
01.04.2024 5:51;0;12
01.04.2024 5:52;0;14
01.04.2024 5:54;0;21
01.04.2024 5:55;0;21
01.04.2024 5:56;0;23
01.04.2024 5:57;0;23
01.04.2024 5:58;0;20
01.04.2024 6:00;0;23
01.04.2024 6:01;0;21
01.04.2024 6:02;0;22
01.04.2024 6:03;0;22
01.04.2024 6:05;0;24
01.04.2024 6:06;0;21
01.04.2024 6:07;0;22
01.04.2024 6:08;0;24
01.04.2024 6:10;0;22
01.04.2024 6:11;0;22
01.04.2024 6:12;0;21
01.04.2024 6:13;0;24
01.04.2024 6:15;0;21
01.04.2024 6:16;0;23
01.04.2024 6:17;0;23
01.04.2024 6:18;0;21
01.04.2024 6:20;0;25
01.04.2024 6:21;0;22
01.04.2024 6:22;0;19
01.04.2024 6:23;0;19
01.04.2024 6:24;0;20
01.04.2024 6:26;0;20
01.04.2024 6:27;1;23
01.04.2024 6:28;8;23
01.04.2024 6:29;3;22
01.04.2024 6:31;2;21
01.04.2024 6:32;9;20
01.04.2024 6:33;15;20
01.04.2024 6:34;21;20
01.04.2024 6:36;27;19
01.04.2024 6:37;34;20
01.04.2024 6:38;40;19
01.04.2024 6:38;40;20
01.04.2024 6:39;47;20
01.04.2024 6:41;52;19
01.04.2024 6:42;59;19
01.04.2024 6:43;65;18
01.04.2024 6:43;65;21
01.04.2024 6:44;72;21
01.04.2024 6:46;79;19
01.04.2024 6:47;84;17
01.04.2024 6:48;91;17
01.04.2024 6:48;91;18
01.04.2024 6:49;97;18
01.04.2024 6:50;103;21
01.04.2024 6:52;110;21
01.04.2024 6:53;116;19
01.04.2024 6:53;116;20
01.04.2024 6:54;122;20
01.04.2024 6:55;129;18
01.04.2024 6:57;135;17
01.04.2024 6:58;141;19
01.04.2024 6:59;148;21
01.04.2024 7:00;154;21
01.04.2024 7:02;160;19
01.04.2024 7:03;167;17
01.04.2024 7:04;172;16
01.04.2024 7:04;172;21
01.04.2024 7:05;179;19
01.04.2024 7:07;186;19
01.04.2024 7:08;192;17
01.04.2024 7:09;198;17
01.04.2024 7:09;198;20
01.04.2024 7:10;204;19
01.04.2024 7:12;211;19
01.04.2024 7:13;217;17
01.04.2024 7:14;224;20
01.04.2024 7:14;224;16
01.04.2024 7:15;229;17
01.04.2024 7:17;236;17
01.04.2024 7:18;242;19
01.04.2024 7:19;248;17
01.04.2024 7:19;248;16
01.04.2024 7:20;255;18
01.04.2024 7:21;261;18
01.04.2024 7:23;268;15
01.04.2024 7:24;274;19
01.04.2024 7:24;274;17
01.04.2024 7:25;281;18
01.04.2024 7:26;287;18
01.04.2024 7:28;292;18
01.04.2024 7:29;300;16
01.04.2024 7:30;305;18
01.04.2024 7:30;305;17
01.04.2024 7:31;311;19
01.04.2024 7:33;318;19
01.04.2024 7:34;325;17
01.04.2024 7:35;331;18
01.04.2024 7:35;331;17
01.04.2024 7:36;337;19
01.04.2024 7:38;344;19
01.04.2024 7:39;350;0
01.04.2024 7:40;356;0
01.04.2024 7:40;356;0
01.04.2024 7:41;362;0
01.04.2024 7:43;368;0
01.04.2024 7:44;375;0
01.04.2024 7:45;381;0
01.04.2024 7:45;381;0
01.04.2024 7:46;388;0
01.04.2024 7:47;394;0
01.04.2024 7:49;400;0
01.04.2024 7:50;406;0
01.04.2024 7:50;406;0
01.04.2024 7:51;413;0
01.04.2024 7:52;419;0
01.04.2024 7:54;425;0
01.04.2024 7:55;431;0
01.04.2024 7:56;438;0
01.04.2024 7:56;438;0
01.04.2024 7:57;444;0
01.04.2024 7:59;450;0
01.04.2024 8:00;457;0
01.04.2024 8:01;463;0
01.04.2024 8:01;463;0
01.04.2024 8:02;469;0
01.04.2024 8:04;476;0
01.04.2024 8:05;482;0
01.04.2024 8:06;488;0
01.04.2024 8:06;488;0
01.04.2024 8:07;495;0
01.04.2024 8:09;496;0
01.04.2024 8:10;490;0
01.04.2024 8:11;483;0
01.04.2024 8:11;483;0
01.04.2024 8:12;477;11
01.04.2024 8:14;471;16
01.04.2024 8:15;464;11
01.04.2024 8:16;458;12
01.04.2024 8:16;458;11
01.04.2024 8:17;451;11
01.04.2024 8:18;445;12
01.04.2024 8:20;439;11
01.04.2024 8:21;432;12
01.04.2024 8:22;426;12
01.04.2024 8:22;426;12
01.04.2024 8:23;420;11
01.04.2024 8:25;413;11
01.04.2024 8:26;407;11
01.04.2024 8:27;401;11
01.04.2024 8:27;401;10
01.04.2024 8:28;395;12
01.04.2024 8:30;389;11
01.04.2024 8:31;382;11
01.04.2024 8:32;376;11
01.04.2024 8:32;376;10
01.04.2024 8:33;369;12
01.04.2024 8:35;363;11
01.04.2024 8:36;357;12
01.04.2024 8:37;350;12
01.04.2024 8:37;350;13
01.04.2024 8:38;344;10
01.04.2024 8:40;337;12
01.04.2024 8:41;331;13
01.04.2024 8:42;325;13
01.04.2024 8:42;325;11
01.04.2024 8:43;318;12
01.04.2024 8:45;312;11
01.04.2024 8:46;306;11
01.04.2024 8:47;300;13
01.04.2024 8:48;293;12
01.04.2024 8:48;293;11
01.04.2024 8:49;287;12
01.04.2024 8:51;281;12
01.04.2024 8:52;274;12
01.04.2024 8:53;268;12
01.04.2024 8:53;268;13
01.04.2024 8:54;261;11
01.04.2024 8:56;255;11
01.04.2024 8:57;248;11
01.04.2024 8:58;242;10
01.04.2024 8:58;242;12
01.04.2024 8:59;236;13
01.04.2024 9:01;230;14
01.04.2024 9:02;224;14
01.04.2024 9:03;217;12
01.04.2024 9:03;217;14
01.04.2024 9:04;211;13
01.04.2024 9:06;204;14
01.04.2024 9:07;198;14
01.04.2024 9:08;192;12
01.04.2024 9:08;192;12
01.04.2024 9:09;186;12
01.04.2024 9:11;179;12
01.04.2024 9:12;172;13
01.04.2024 9:13;166;13
01.04.2024 9:14;160;12
01.04.2024 9:14;160;13
01.04.2024 9:15;154;13
01.04.2024 9:17;147;14
01.04.2024 9:18;140;14
01.04.2024 9:19;135;13
01.04.2024 9:19;135;14
01.04.2024 9:20;128;14
01.04.2024 9:22;121;14
01.04.2024 9:23;116;12
01.04.2024 9:24;109;12
01.04.2024 9:24;109;13
01.04.2024 9:25;103;13
01.04.2024 9:27;97;14
01.04.2024 9:28;90;14
01.04.2024 9:29;84;13
01.04.2024 9:29;84;13
01.04.2024 9:30;77;13
01.04.2024 9:32;71;13
01.04.2024 9:33;65;14
01.04.2024 9:34;58;13
01.04.2024 9:34;58;12
01.04.2024 9:35;52;12
01.04.2024 9:37;46;15
01.04.2024 9:38;40;13
01.04.2024 9:39;33;14
01.04.2024 9:40;26;14
01.04.2024 9:40;26;14
01.04.2024 9:41;20;13
01.04.2024 9:43;13;13
01.04.2024 9:44;8;12
01.04.2024 9:45;1;12
01.04.2024 9:45;1;13
01.04.2024 9:46;-1;24
01.04.2024 9:48;-1;25
01.04.2024 9:49;-1;23
01.04.2024 9:50;-1;23
01.04.2024 9:51;-1;23
01.04.2024 9:53;-1;25
01.04.2024 9:54;-1;22
01.04.2024 9:55;-1;26
01.04.2024 9:56;-1;25
01.04.2024 9:58;-1;25
01.04.2024 9:59;-1;22
01.04.2024 10:00;-1;25
01.04.2024 10:01;-1;24
01.04.2024 10:03;-1;21
01.04.2024 10:04;-1;21
01.04.2024 10:05;-1;25
01.04.2024 10:06;-1;23
01.04.2024 10:07;-1;22
01.04.2024 10:09;-1;21
01.04.2024 10:10;-1;21
01.04.2024 10:10;-1;25
01.04.2024 10:11;-1;24
01.04.2024 10:12;-1;20
01.04.2024 10:14;-1;22
01.04.2024 10:15;-1;22
01.04.2024 10:16;-1;23
01.04.2024 10:17;-1;25
01.04.2024 10:19;-1;25
01.04.2024 10:20;-1;24
01.04.2024 10:21;-1;21
01.04.2024 10:22;-1;21
01.04.2024 10:24;-1;20
01.04.2024 10:25;-1;21
01.04.2024 10:26;-1;22
01.04.2024 10:27;3;22
01.04.2024 10:29;5;21
01.04.2024 10:30;1;21
01.04.2024 10:31;6;20
01.04.2024 10:32;13;20
01.04.2024 10:32;13;24
01.04.2024 10:34;19;21
01.04.2024 10:35;26;24
01.04.2024 10:36;32;20
01.04.2024 10:37;39;20
01.04.2024 10:37;39;21
01.04.2024 10:38;44;21
01.04.2024 10:40;51;19
01.04.2024 10:41;57;19
01.04.2024 10:42;64;19
01.04.2024 10:42;64;20
01.04.2024 10:43;70;20
01.04.2024 10:45;76;23
01.04.2024 10:46;83;22
01.04.2024 10:47;89;20
01.04.2024 10:47;89;20
01.04.2024 10:48;96;20
01.04.2024 10:50;101;19
01.04.2024 10:51;108;20
01.04.2024 10:52;115;22
01.04.2024 10:53;120;22
01.04.2024 10:53;120;20
01.04.2024 10:55;127;20
01.04.2024 10:56;133;19
01.04.2024 10:57;139;22
01.04.2024 10:58;146;22
01.04.2024 10:58;146;21
01.04.2024 11:00;153;19
01.04.2024 11:01;158;22
01.04.2024 11:02;165;21
01.04.2024 11:03;171;21
01.04.2024 11:03;171;20
01.04.2024 11:04;177;18
01.04.2024 11:06;183;21
01.04.2024 11:07;190;19
01.04.2024 11:08;197;19
01.04.2024 11:08;197;19
01.04.2024 11:09;202;22
01.04.2024 11:11;208;20
01.04.2024 11:12;215;18
01.04.2024 11:13;222;20
01.04.2024 11:13;222;20
01.04.2024 11:14;228;18
01.04.2024 11:16;234;21
01.04.2024 11:17;240;19
01.04.2024 11:18;246;19
01.04.2024 11:19;253;19
01.04.2024 11:19;253;18
01.04.2024 11:21;259;17
01.04.2024 11:22;266;20
01.04.2024 11:23;272;17
01.04.2024 11:24;278;17
01.04.2024 11:24;278;19
01.04.2024 11:26;285;18
01.04.2024 11:27;291;20
01.04.2024 11:28;297;17
01.04.2024 11:29;304;17
01.04.2024 11:29;304;20
01.04.2024 11:30;310;0
01.04.2024 11:32;316;0
01.04.2024 11:33;323;0
01.04.2024 11:34;329;0
01.04.2024 11:34;329;0
01.04.2024 11:35;335;0
01.04.2024 11:37;341;0
01.04.2024 11:38;348;0
01.04.2024 11:39;354;0
01.04.2024 11:39;354;0
01.04.2024 11:40;360;0
01.04.2024 11:42;366;0
01.04.2024 11:43;373;0
01.04.2024 11:44;380;0
01.04.2024 11:45;386;0
01.04.2024 11:45;386;0
01.04.2024 11:47;392;0
01.04.2024 11:48;398;0
01.04.2024 11:49;404;0
01.04.2024 11:50;411;0
01.04.2024 11:50;411;0
01.04.2024 11:52;417;0
01.04.2024 11:53;423;0
01.04.2024 11:54;429;0
01.04.2024 11:55;436;0
01.04.2024 11:55;436;0
01.04.2024 11:57;442;0
01.04.2024 11:58;448;0
01.04.2024 11:59;455;0
01.04.2024 12:00;461;0
01.04.2024 12:00;461;0
01.04.2024 12:01;467;0
01.04.2024 12:03;474;0
01.04.2024 12:04;480;11
01.04.2024 12:05;487;18
01.04.2024 12:05;487;11
01.04.2024 12:06;493;12
01.04.2024 12:08;498;11
01.04.2024 12:09;492;13
01.04.2024 12:10;485;11
01.04.2024 12:11;479;13
01.04.2024 12:11;479;11
01.04.2024 12:13;472;12
01.04.2024 12:14;466;11
01.04.2024 12:15;460;12
01.04.2024 12:16;453;11
01.04.2024 12:16;453;11
01.04.2024 12:18;447;13
01.04.2024 12:19;441;11
01.04.2024 12:20;434;13
01.04.2024 12:21;428;13
01.04.2024 12:21;428;12
01.04.2024 12:23;422;11
01.04.2024 12:24;415;12
01.04.2024 12:25;409;12
01.04.2024 12:26;403;12
01.04.2024 12:26;403;13
01.04.2024 12:27;397;11
01.04.2024 12:29;390;12
01.04.2024 12:30;384;12
01.04.2024 12:31;378;11
01.04.2024 12:31;378;13
01.04.2024 12:32;371;13
01.04.2024 12:34;365;12
01.04.2024 12:35;358;12
01.04.2024 12:36;352;13
01.04.2024 12:37;346;14
01.04.2024 12:37;346;12
01.04.2024 12:39;339;11
01.04.2024 12:40;333;12
01.04.2024 12:41;327;13
01.04.2024 12:42;321;13
01.04.2024 12:42;321;12
01.04.2024 12:44;314;11
01.04.2024 12:45;308;12
01.04.2024 12:46;302;12
01.04.2024 12:47;295;13
01.04.2024 12:47;295;14
01.04.2024 12:49;289;12
01.04.2024 12:50;283;14
01.04.2024 12:51;276;13
01.04.2024 12:52;270;14
01.04.2024 12:52;270;13
01.04.2024 12:54;263;12
01.04.2024 12:55;257;12
01.04.2024 12:56;251;13
01.04.2024 12:57;244;12
01.04.2024 12:57;244;12
01.04.2024 12:58;238;12
01.04.2024 13:00;231;13
01.04.2024 13:01;225;13
01.04.2024 13:02;219;16
01.04.2024 13:03;213;13
01.04.2024 13:03;213;13
01.04.2024 13:05;206;14
01.04.2024 13:06;200;14
01.04.2024 13:07;193;13
01.04.2024 13:08;188;13
01.04.2024 13:08;188;13
01.04.2024 13:10;181;14
01.04.2024 13:11;175;14
01.04.2024 13:12;168;12
01.04.2024 13:13;161;15
01.04.2024 13:13;161;14
01.04.2024 13:15;156;12
01.04.2024 13:16;149;15
01.04.2024 13:17;143;13
01.04.2024 13:18;137;15
01.04.2024 13:18;137;13
01.04.2024 13:20;130;13
01.04.2024 13:21;124;13
01.04.2024 13:22;118;12
01.04.2024 13:23;111;15
01.04.2024 13:23;111;13
01.04.2024 13:24;105;13
01.04.2024 13:26;99;14
01.04.2024 13:27;92;21
01.04.2024 13:28;85;27
01.04.2024 13:29;80;22
01.04.2024 13:29;80;26
01.04.2024 13:31;73;26
01.04.2024 13:32;67;23
01.04.2024 13:33;60;24
01.04.2024 13:34;54;28
01.04.2024 13:34;54;23
01.04.2024 13:36;48;23
01.04.2024 13:37;41;26
01.04.2024 13:38;35;25
01.04.2024 13:39;28;21
01.04.2024 13:39;28;26
01.04.2024 13:41;23;26
01.04.2024 13:42;16;27
01.04.2024 13:43;9;23
01.04.2024 13:44;3;22
01.04.2024 13:44;3;26
01.04.2024 13:46;-2;24
01.04.2024 13:47;-1;22
01.04.2024 13:48;-1;22
01.04.2024 13:49;-1;25
01.04.2024 13:51;-1;25
01.04.2024 13:52;-1;25
01.04.2024 13:53;-1;22
01.04.2024 13:54;-1;22
01.04.2024 13:55;-1;22
01.04.2024 13:57;-1;22
01.04.2024 13:58;-1;22
01.04.2024 13:59;-1;24
01.04.2024 14:00;-1;24
01.04.2024 14:02;-1;24
01.04.2024 14:03;-1;24
01.04.2024 14:04;-1;24
01.04.2024 14:05;-1;24
01.04.2024 14:07;-1;23
01.04.2024 14:08;-1;24
01.04.2024 14:09;-1;24
01.04.2024 14:10;-1;25
01.04.2024 14:12;-1;23
01.04.2024 14:13;-1;22
01.04.2024 14:14;-1;21
01.04.2024 14:15;-1;19
01.04.2024 14:17;-1;20
01.04.2024 14:18;-1;19
01.04.2024 14:19;-1;23
01.04.2024 14:20;-1;24
01.04.2024 14:22;-1;23
01.04.2024 14:23;-1;23
01.04.2024 14:24;-1;20
01.04.2024 14:25;-1;20
01.04.2024 14:26;-1;20
01.04.2024 14:28;5;23
01.04.2024 14:29;3;23
01.04.2024 14:30;2;21
01.04.2024 14:31;8;21
01.04.2024 14:33;15;18
01.04.2024 14:34;20;22
01.04.2024 14:35;27;22
01.04.2024 14:36;33;20
01.04.2024 14:38;40;18
01.04.2024 14:39;46;17
01.04.2024 14:40;52;20
01.04.2024 14:41;58;18
01.04.2024 14:43;65;18
01.04.2024 14:44;71;21
01.04.2024 14:45;77;19
01.04.2024 14:46;84;16
01.04.2024 14:47;90;21
01.04.2024 14:48;90;17
01.04.2024 14:49;97;17
01.04.2024 14:50;102;22
01.04.2024 14:51;109;22
01.04.2024 14:52;116;16
01.04.2024 14:54;121;19
01.04.2024 14:55;128;17
01.04.2024 14:56;135;16
01.04.2024 14:57;140;16
01.04.2024 14:59;147;18
01.04.2024 15:00;154;18
01.04.2024 15:01;159;18
01.04.2024 15:02;166;16
01.04.2024 15:04;172;16
01.04.2024 15:05;178;19
01.04.2024 15:06;184;16
01.04.2024 15:07;191;18
